,album,track_number,id,name,uri,acousticness,danceability,energy,instrumentalness,liveness,loudness,speechiness,tempo,valence,popularity
0,Speak Now (Taylor's Version),1,7G0gBu6nLdhFDPRLc0HdDG,Mine (Taylor's Version),spotify:track:7G0gBu6nLdhFDPRLc0HdDG,0.00444,0.646,0.783,1.38e-06,0.171,-2.846,0.0356,121.08,0.49,84
1,Speak Now (Taylor's Version),2,3MytWN8L7shNYzGl4tAKRp,Sparks Fly (Taylor’s Version),spotify:track:3MytWN8L7shNYzGl4tAKRp,0.0251,0.588,0.758,0.0,0.131,-2.347,0.0305,114.991,0.387,81
2,Speak Now (Taylor's Version),3,79uDOz0zuuWS7HWxzMmTa2,Back To December (Taylor's Version),spotify:track:79uDOz0zuuWS7HWxzMmTa2,0.00621,0.497,0.635,0.0,0.117,-3.927,0.0273,142.063,0.203,84
3,Speak Now (Taylor's Version),4,5xXqyjLicvEpch72qEryFT,Speak Now (Taylor's Version),spotify:track:5xXqyjLicvEpch72qEryFT,0.248,0.727,0.677,0.0,0.143,-2.871,0.0325,118.995,0.639,80
4,Speak Now (Taylor's Version),5,1zU8j1x3yi9xalMF96pzKp,Dear John (Taylor's Version),spotify:track:1zU8j1x3yi9xalMF96pzKp,0.0236,0.419,0.47,0.0,0.163,-5.016,0.0296,119.294,0.133,80
5,Speak Now (Taylor's Version),6,30Y4CV7A6YqtQtTTo7Ue4j,Mean (Taylor's Version),spotify:track:30Y4CV7A6YqtQtTTo7Ue4j,0.311,0.524,0.692,0.0,0.192,-3.866,0.0369,163.874,0.621,80
6,Speak Now (Taylor's Version),7,6dTA6y0C2ReQklntzZl8l3,The Story Of Us (Taylor's Version),spotify:track:6dTA6y0C2ReQklntzZl8l3,0.00192,0.515,0.781,0.0,0.054,-2.608,0.0535,139.846,0.57,79
7,Speak Now (Taylor's Version),8,2EFZ9emtKWEglWUQGEQ3P9,Never Grow Up (Taylor's Version),spotify:track:2EFZ9emtKWEglWUQGEQ3P9,0.851,0.685,0.323,0.0,0.198,-7.103,0.0289,125.058,0.569,75
8,Speak Now (Taylor's Version),9,3sW3oSbzsfecv9XoUdGs7h,Enchanted (Taylor's Version),spotify:track:3sW3oSbzsfecv9XoUdGs7h,0.012,0.505,0.532,0.0,0.149,-3.526,0.0265,81.907,0.216,87
9,Speak Now (Taylor's Version),10,0NwGC0v03ysCYINtg6ns58,Better Than Revenge (Taylor's Version),spotify:track:0NwGC0v03ysCYINtg6ns58,0.000886,0.496,0.885,0.0,0.191,-2.969,0.0803,145.863,0.665,82
10,Speak Now (Taylor's Version),11,12nBPF4Rh4XLFJV0YLN7uj,Innocent (Taylor's Version),spotify:track:12nBPF4Rh4XLFJV0YLN7uj,0.101,0.522,0.598,0.0,0.152,-5.327,0.0284,133.627,0.149,74
11,Speak Now (Taylor's Version),12,4tMzIAFTFdqGBQLdfbPces,Haunted (Taylor's Version),spotify:track:4tMzIAFTFdqGBQLdfbPces,0.00667,0.427,0.915,0.0,0.221,-1.909,0.0619,162.201,0.355,77
12,Speak Now (Taylor's Version),13,59KOoHFcw5XfICnO57holu,Last Kiss (Taylor's Version),spotify:track:59KOoHFcw5XfICnO57holu,0.447,0.55,0.366,4.43e-06,0.101,-8.46,0.0276,79.401,0.16,78
13,Speak Now (Taylor's Version),14,4hqJ4bSlYJOXb6Z4SRmzxs,Long Live (Taylor's Version),spotify:track:4hqJ4bSlYJOXb6Z4SRmzxs,0.0122,0.375,0.65,0.0,0.189,-4.031,0.0402,203.89,0.0752,82
14,Speak Now (Taylor's Version),15,3yNJkriPzWjkkDAWHIAVUq,Ours (Taylor’s Version),spotify:track:3yNJkriPzWjkkDAWHIAVUq,0.449,0.535,0.488,0.0,0.111,-8.261,0.0278,159.813,0.348,75
15,Speak Now (Taylor's Version),16,4evLyY5Ue1Wesc61t2KXAU,Superman (Taylor’s Version),spotify:track:4evLyY5Ue1Wesc61t2KXAU,0.0031,0.533,0.742,0.0,0.108,-3.473,0.0303,131.93,0.356,72
16,Speak Now (Taylor's Version),17,4e3ZNTAV6PCrdYMUrUlMpQ,Electric Touch (feat. Fall Out Boy) (Taylor’s Version) (From The Vault),spotify:track:4e3ZNTAV6PCrdYMUrUlMpQ,0.0164,0.547,0.855,0.0,0.144,-4.7,0.0597,131.073,0.282,79
17,Speak Now (Taylor's Version),18,0zo975x58DlXbZllWvfYhg,When Emma Falls in Love (Taylor’s Version) (From The Vault),spotify:track:0zo975x58DlXbZllWvfYhg,0.159,0.474,0.763,0.0,0.138,-4.632,0.0505,78.133,0.231,79
18,Speak Now (Taylor's Version),19,5kHMfzgLZP95O9NBy0ku4v,I Can See You (Taylor’s Version) (From The Vault),spotify:track:5kHMfzgLZP95O9NBy0ku4v,0.0586,0.694,0.764,0.0,0.0608,-4.893,0.0337,123.044,0.819,88
19,Speak Now (Taylor's Version),20,4ABYxlb92WBIjHu7TIKmml,Castles Crumbling (feat. Hayley Williams) (Taylor’s Version) (From The Vault),spotify:track:4ABYxlb92WBIjHu7TIKmml,0.362,0.576,0.57,0.0,0.0668,-7.925,0.0434,147.803,0.378,79
20,Speak Now (Taylor's Version),21,4s8BIKx4Zh6ryAEz8RTlaU,Foolish One (Taylor’s Version) (From The Vault),spotify:track:4s8BIKx4Zh6ryAEz8RTlaU,0.617,0.671,0.588,0.0,0.111,-4.675,0.0299,96.965,0.543,79
21,Speak Now (Taylor's Version),22,1HCdems7PQZRj42QDWLA0A,Timeless (Taylor’s Version) (From The Vault),spotify:track:1HCdems7PQZRj42QDWLA0A,0.3,0.624,0.585,0.0,0.0916,-5.847,0.0328,142.883,0.65,78
22,Midnights (The Til Dawn Edition),1,24emu3sabKISjRkrys28jq,Lavender Haze,spotify:track:24emu3sabKISjRkrys28jq,0.236,0.735,0.454,0.00113,0.133,-10.516,0.0876,97.043,0.0751,69
23,Midnights (The Til Dawn Edition),2,6qxvy9Pe4RJIq5JBVbbwbS,Maroon,spotify:track:6qxvy9Pe4RJIq5JBVbbwbS,0.0609,0.65,0.397,1.4e-06,0.089,-8.237,0.0365,108.055,0.0382,69
24,Midnights (The Til Dawn Edition),3,5qIHFdkW6phMsTZlN2g8Lc,Anti-Hero,spotify:track:5qIHFdkW6phMsTZlN2g8Lc,0.115,0.637,0.649,1.22e-06,0.147,-6.59,0.0584,96.935,0.497,69
25,Midnights (The Til Dawn Edition),4,7GA86Uo2jYbj8vIXe2nyWd,Snow On The Beach (feat. Lana Del Rey),spotify:track:7GA86Uo2jYbj8vIXe2nyWd,0.705,0.653,0.331,0.0013,0.116,-13.534,0.039,110.014,0.166,67
26,Midnights (The Til Dawn Edition),5,6PQOU00xWNrGwCZzboriXy,"You're On Your Own, Kid",spotify:track:6PQOU00xWNrGwCZzboriXy,0.423,0.694,0.386,1.05e-05,0.126,-10.312,0.0597,120.044,0.39,69
27,Midnights (The Til Dawn Edition),6,4eKMqf9ZMSclDX7V9Ptg7x,Midnight Rain,spotify:track:4eKMqf9ZMSclDX7V9Ptg7x,0.705,0.654,0.372,6.78e-05,0.114,-11.704,0.0667,140.15,0.198,69
28,Midnights (The Til Dawn Edition),7,7oomkQSYf1ia2VnVEWfFIU,Question...?,spotify:track:7oomkQSYf1ia2VnVEWfFIU,0.205,0.741,0.509,0.0,0.262,-8.747,0.19,108.978,0.113,67
29,Midnights (The Til Dawn Edition),8,0GKDhq6ZbmSbRHd3eyGlB7,Vigilante Shit,spotify:track:0GKDhq6ZbmSbRHd3eyGlB7,0.157,0.867,0.272,3.42e-05,0.118,-11.014,0.363,79.962,0.157,68
30,Midnights (The Til Dawn Edition),9,0VpF6RLdCfPIeYRwMu4tZK,Bejeweled,spotify:track:0VpF6RLdCfPIeYRwMu4tZK,0.0648,0.695,0.546,0.000128,0.0883,-9.184,0.066,164.0,0.425,68
31,Midnights (The Til Dawn Edition),10,4bBDkw2KBMX0tcgAaXC83Q,Labyrinth,spotify:track:4bBDkw2KBMX0tcgAaXC83Q,0.804,0.493,0.308,0.328,0.123,-15.489,0.0436,109.993,0.13,66
32,Midnights (The Til Dawn Edition),11,45R112Jz5hQeKgITXgSXzs,Karma,spotify:track:45R112Jz5hQeKgITXgSXzs,0.0782,0.647,0.614,0.0,0.611,-7.091,0.0651,90.034,0.0956,68
33,Midnights (The Til Dawn Edition),12,2L09RYwH5Pjzca6PmbUAw3,Sweet Nothing,spotify:track:2L09RYwH5Pjzca6PmbUAw3,0.967,0.335,0.166,0.00012,0.115,-14.958,0.048,175.917,0.391,66
34,Midnights (The Til Dawn Edition),13,1QQii3pa5m8MEda0nbkjfw,Mastermind,spotify:track:1QQii3pa5m8MEda0nbkjfw,0.545,0.661,0.345,0.000915,0.0871,-14.037,0.144,125.977,0.126,67
35,Midnights (The Til Dawn Edition),14,2VuqMjgoKaOHNM8HpxtXKx,The Great War,spotify:track:2VuqMjgoKaOHNM8HpxtXKx,0.203,0.573,0.737,2.78e-05,0.0851,-9.002,0.0352,96.009,0.592,67
36,Midnights (The Til Dawn Edition),15,71CBDRKmF2VeRKYMG1DFBh,Bigger Than The Whole Sky,spotify:track:71CBDRKmF2VeRKYMG1DFBh,0.837,0.48,0.22,0.00269,0.116,-12.469,0.0425,82.951,0.0633,65
37,Midnights (The Til Dawn Edition),16,5tWxKWq1DSP1s9WQ5PWuqu,Paris,spotify:track:5tWxKWq1DSP1s9WQ5PWuqu,0.116,0.691,0.498,3.07e-05,0.136,-10.519,0.101,110.963,0.454,66
38,Midnights (The Til Dawn Edition),17,1SztNGCwEHJEVFx90E5g7D,High Infidelity,spotify:track:1SztNGCwEHJEVFx90E5g7D,0.726,0.564,0.545,0.0,0.0878,-10.17,0.104,176.082,0.766,65
39,Midnights (The Til Dawn Edition),18,7C0w28EsX0Um2FrZs9gso2,Glitch,spotify:track:7C0w28EsX0Um2FrZs9gso2,0.318,0.677,0.451,0.0,0.11,-9.744,0.19,140.845,0.399,64
40,Midnights (The Til Dawn Edition),19,4txojlesMFQZGWxwz2EeqB,"Would've, Could've, Should've",spotify:track:4txojlesMFQZGWxwz2EeqB,0.435,0.482,0.837,0.00147,0.123,-6.501,0.12,157.96,0.534,67
41,Midnights (The Til Dawn Edition),20,10GRRCR5fctuOF4GFmATJI,Dear Reader,spotify:track:10GRRCR5fctuOF4GFmATJI,0.497,0.475,0.386,0.00104,0.119,-12.038,0.0737,107.601,0.162,65
42,Midnights (The Til Dawn Edition),21,3xYJScVfxByb61dYHTwiby,Hits Different,spotify:track:3xYJScVfxByb61dYHTwiby,0.148,0.672,0.782,4.73e-06,0.296,-6.499,0.0421,106.026,0.239,82
43,Midnights (The Til Dawn Edition),22,4zmKGsrXjLmljb5fTaBTot,Snow On The Beach (feat. More Lana Del Rey),spotify:track:4zmKGsrXjLmljb5fTaBTot,0.806,0.664,0.401,3.5e-06,0.108,-10.934,0.0344,109.846,0.315,82
44,Midnights (The Til Dawn Edition),23,4i6cwNY6oIUU2XZxPIw82Y,Karma (feat. Ice Spice),spotify:track:4i6cwNY6oIUU2XZxPIw82Y,0.0623,0.615,0.616,0.0,0.579,-6.523,0.0622,89.977,0.0734,75
45,Midnights (3am Edition),1,4g2c7NoTWAOSYDy44l9nub,Lavender Haze,spotify:track:4g2c7NoTWAOSYDy44l9nub,0.204,0.735,0.444,0.0012,0.17,-10.519,0.0684,97.038,0.0984,72
46,Midnights (3am Edition),2,199E1RRrVmVTQqBXih5qRC,Maroon,spotify:track:199E1RRrVmVTQqBXih5qRC,0.0593,0.658,0.378,0.0,0.0976,-8.3,0.0379,108.034,0.0382,71
47,Midnights (3am Edition),3,02Zkkf2zMkwRGQjZ7T4p8f,Anti-Hero,spotify:track:02Zkkf2zMkwRGQjZ7T4p8f,0.133,0.638,0.634,1.23e-06,0.152,-6.582,0.0457,96.953,0.519,72
48,Midnights (3am Edition),4,6ADDIJxxqzM9LMpm78yzQG,Snow On The Beach (feat. Lana Del Rey),spotify:track:6ADDIJxxqzM9LMpm78yzQG,0.735,0.659,0.323,0.00321,0.116,-13.425,0.0436,110.007,0.154,69
49,Midnights (3am Edition),5,7gVWKBcfIW93YxNBi3ApIE,"You're On Your Own, Kid",spotify:track:7gVWKBcfIW93YxNBi3ApIE,0.416,0.694,0.38,8.47e-06,0.126,-10.307,0.0614,120.044,0.376,71
50,Midnights (3am Edition),6,6Nl7KyvjkFncGsjB49SxLl,Midnight Rain,spotify:track:6Nl7KyvjkFncGsjB49SxLl,0.71,0.636,0.377,6.51e-05,0.115,-11.721,0.0708,139.966,0.23,72
51,Midnights (3am Edition),7,6C7OF1Jal7YkyjzyUG8vkK,Question...?,spotify:track:6C7OF1Jal7YkyjzyUG8vkK,0.226,0.751,0.502,0.0,0.297,-8.777,0.162,108.989,0.112,68
52,Midnights (3am Edition),8,5yeuXkukVGuix3vmLu2BPJ,Vigilante Shit,spotify:track:5yeuXkukVGuix3vmLu2BPJ,0.16,0.87,0.279,1.74e-05,0.121,-11.134,0.364,79.996,0.16,71
53,Midnights (3am Edition),9,0jvo9CjnbR0lYUDTSNTMiu,Bejeweled,spotify:track:0jvo9CjnbR0lYUDTSNTMiu,0.0661,0.7,0.55,0.000102,0.091,-9.13,0.0653,164.003,0.412,72
54,Midnights (3am Edition),10,43q586vP8gGkYypKoSddhl,Labyrinth,spotify:track:43q586vP8gGkYypKoSddhl,0.791,0.487,0.313,0.348,0.124,-15.434,0.0487,110.039,0.141,67
55,Midnights (3am Edition),11,5oqDgw5VGBln5dSIOPWyBq,Karma,spotify:track:5oqDgw5VGBln5dSIOPWyBq,0.074,0.649,0.622,0.0,0.594,-7.054,0.0582,90.024,0.106,75
56,Midnights (3am Edition),12,3zmwONxswBAzGwExPugSLN,Sweet Nothing,spotify:track:3zmwONxswBAzGwExPugSLN,0.967,0.334,0.161,4.71e-05,0.115,-14.875,0.0506,176.747,0.396,69
57,Midnights (3am Edition),13,56hioFjQ0DXrdn04hZcFgG,Mastermind,spotify:track:56hioFjQ0DXrdn04hZcFgG,0.571,0.661,0.352,0.00147,0.0884,-14.077,0.117,125.934,0.13,74
58,Midnights (3am Edition),14,3UMrglJeju5yWyYIW6o99b,The Great War,spotify:track:3UMrglJeju5yWyYIW6o99b,0.219,0.573,0.741,2.23e-05,0.0842,-8.987,0.0353,96.016,0.554,78
59,Midnights (3am Edition),15,0BiqmkasE5FdrChwKfVp8X,Bigger Than The Whole Sky,spotify:track:0BiqmkasE5FdrChwKfVp8X,0.826,0.422,0.235,0.00648,0.115,-12.379,0.0568,165.71,0.068,74
60,Midnights (3am Edition),16,7712gjoih4QoDbXpljEk21,Paris,spotify:track:7712gjoih4QoDbXpljEk21,0.112,0.7,0.509,3.27e-05,0.137,-10.547,0.0789,110.947,0.345,73
61,Midnights (3am Edition),17,5kiZGSxgqPdv6rbqL9THdd,High Infidelity,spotify:track:5kiZGSxgqPdv6rbqL9THdd,0.723,0.646,0.529,0.0,0.0885,-10.179,0.0864,87.862,0.755,72
62,Midnights (3am Edition),18,6wAFvJPpTZVirBKGZ4EnMW,Glitch,spotify:track:6wAFvJPpTZVirBKGZ4EnMW,0.361,0.675,0.466,0.0,0.11,-9.738,0.201,140.864,0.347,70
63,Midnights (3am Edition),19,0aV5uARAknQgYhBaK944FP,"Would've, Could've, Should've",spotify:track:0aV5uARAknQgYhBaK944FP,0.43,0.483,0.84,0.000575,0.146,-6.508,0.119,157.979,0.55,76
64,Midnights (3am Edition),20,3QF5RsWzK1lCvf2o2cY65P,Dear Reader,spotify:track:3QF5RsWzK1lCvf2o2cY65P,0.481,0.562,0.388,0.00145,0.117,-12.088,0.0705,107.747,0.159,71
65,Midnights,1,5jQI2r1RdgtuT8S3iG8zFC,Lavender Haze,spotify:track:5jQI2r1RdgtuT8S3iG8zFC,0.258,0.733,0.436,0.000573,0.157,-10.489,0.08,96.985,0.0976,85
66,Midnights,2,3eX0NZfLtGzoLUxPNvRfqm,Maroon,spotify:track:3eX0NZfLtGzoLUxPNvRfqm,0.0573,0.637,0.398,1.03e-06,0.101,-8.294,0.0564,108.075,0.0374,81
67,Midnights,3,0V3wPSX9ygBnCm8psDIegu,Anti-Hero,spotify:track:0V3wPSX9ygBnCm8psDIegu,0.13,0.637,0.643,1.8e-06,0.142,-6.571,0.0519,97.008,0.533,92
68,Midnights,4,1wtOxkiel43cVs0Yux5Q4h,Snow On The Beach (feat. Lana Del Rey),spotify:track:1wtOxkiel43cVs0Yux5Q4h,0.69,0.663,0.319,0.000993,0.117,-13.481,0.0375,109.957,0.193,79
69,Midnights,5,4D7BCuvgdJlYvlX5WlN54t,"You're On Your Own, Kid",spotify:track:4D7BCuvgdJlYvlX5WlN54t,0.401,0.696,0.396,5.2e-06,0.125,-10.289,0.0656,120.041,0.38,84
70,Midnights,6,3rWDp9tBPQR9z6U5YyRSK4,Midnight Rain,spotify:track:3rWDp9tBPQR9z6U5YyRSK4,0.69,0.643,0.363,5.17e-05,0.115,-11.738,0.0767,139.865,0.23,85
71,Midnights,7,0heeNYlwOGuUSe7TgUD27B,Question...?,spotify:track:0heeNYlwOGuUSe7TgUD27B,0.2,0.751,0.502,0.0,0.296,-8.763,0.167,108.943,0.106,75
72,Midnights,8,1xwAWUI6Dj0WGC3KiUPN0O,Vigilante Shit,spotify:track:1xwAWUI6Dj0WGC3KiUPN0O,0.173,0.798,0.277,5.25e-05,0.121,-11.096,0.39,79.846,0.163,81
73,Midnights,9,3qoftcUZaUOncvIYjFSPdE,Bejeweled,spotify:track:3qoftcUZaUOncvIYjFSPdE,0.0618,0.696,0.559,5.58e-05,0.0887,-9.19,0.0693,163.999,0.433,84
74,Midnights,10,0A1JLUlkZkp2EFrosoNQi0,Labyrinth,spotify:track:0A1JLUlkZkp2EFrosoNQi0,0.785,0.406,0.306,0.488,0.122,-15.48,0.0517,110.014,0.122,75
75,Midnights,11,7KokYm8cMIXCsGVmUvKtqf,Karma,spotify:track:7KokYm8cMIXCsGVmUvKtqf,0.0734,0.642,0.62,0.0,0.483,-7.091,0.0666,90.02,0.0969,89
76,Midnights,12,0wavGRldH0AWyu2zvTz8zb,Sweet Nothing,spotify:track:0wavGRldH0AWyu2zvTz8zb,0.964,0.337,0.156,7.72e-05,0.115,-14.919,0.0518,176.655,0.39,77
77,Midnights,13,7FmYn9e7KHMXcxqGSj9LjH,Mastermind,spotify:track:7FmYn9e7KHMXcxqGSj9LjH,0.553,0.662,0.357,0.00129,0.0837,-14.064,0.154,125.966,0.124,78
78,Red (Taylor's Version),1,6lzc0Al0zfZOIFsFvBS1ki,State Of Grace (Taylor's Version),spotify:track:6lzc0Al0zfZOIFsFvBS1ki,0.000328,0.594,0.713,0.0,0.114,-5.314,0.0503,129.958,0.328,72
79,Red (Taylor's Version),2,4OAuvHryIVv4kMDNSLuPt6,Red (Taylor's Version),spotify:track:4OAuvHryIVv4kMDNSLuPt6,0.00108,0.516,0.777,1.62e-06,0.0761,-4.908,0.0375,125.047,0.408,81
80,Red (Taylor's Version),3,3S7HNKPakdwNEBFIVTL6dZ,Treacherous (Taylor's Version),spotify:track:3S7HNKPakdwNEBFIVTL6dZ,0.0344,0.645,0.593,0.000127,0.13,-6.506,0.0288,109.984,0.299,73
81,Red (Taylor's Version),4,6AtZLIzUINvExIUy4QhdjP,I Knew You Were Trouble (Taylor's Version),spotify:track:6AtZLIzUINvExIUy4QhdjP,0.0129,0.584,0.557,0.0,0.0576,-6.371,0.0342,154.008,0.767,80
82,Red (Taylor's Version),5,3nsfB1vus2qaloUdcBZvDu,All Too Well (Taylor's Version),spotify:track:3nsfB1vus2qaloUdcBZvDu,0.0171,0.44,0.528,0.00203,0.234,-7.809,0.0317,185.972,0.132,78
83,Red (Taylor's Version),6,3yII7UwgLF6K5zW3xad3MP,22 (Taylor's Version),spotify:track:3yII7UwgLF6K5zW3xad3MP,0.000443,0.642,0.695,1.02e-05,0.0753,-5.62,0.0281,103.984,0.642,79
84,Red (Taylor's Version),7,2r9CbjYgFhtAmcFv1cSquB,I Almost Do (Taylor's Version),spotify:track:2r9CbjYgFhtAmcFv1cSquB,0.0167,0.511,0.559,0.0,0.113,-6.587,0.0264,145.88,0.248,71
85,Red (Taylor's Version),8,5YqltLsjdqFtvqE7Nrysvs,We Are Never Ever Getting Back Together (Taylor's Version),spotify:track:5YqltLsjdqFtvqE7Nrysvs,0.0317,0.567,0.686,1.86e-06,0.0732,-6.139,0.175,172.014,0.716,81
86,Red (Taylor's Version),9,7eQj6r5PIdYKEIZjucBMcq,Stay Stay Stay (Taylor's Version),spotify:track:7eQj6r5PIdYKEIZjucBMcq,0.0848,0.693,0.681,0.0,0.0768,-7.039,0.025,100.02,0.663,71
87,Red (Taylor's Version),10,0y6kdSRCVQhSsHSpWvTUm7,The Last Time (feat. Gary Lightbody of Snow Patrol) (Taylor’s Version),spotify:track:0y6kdSRCVQhSsHSpWvTUm7,0.0399,0.502,0.534,0.0,0.0977,-5.954,0.0278,94.05,0.155,74
88,Red (Taylor's Version),11,7J4b3LVCIGO4CMBDFLPoP6,Holy Ground (Taylor's Version),spotify:track:7J4b3LVCIGO4CMBDFLPoP6,0.0288,0.622,0.809,0.00218,0.109,-5.623,0.0638,156.894,0.511,71
89,Red (Taylor's Version),12,73qMN9bXy7MSPwwGfH3wQr,Sad Beautiful Tragic (Taylor's Version),spotify:track:73qMN9bXy7MSPwwGfH3wQr,0.622,0.601,0.406,9.19e-05,0.133,-11.827,0.0275,130.059,0.232,72
90,Red (Taylor's Version),13,4e5ayHsOLJNLTGfjau2mEw,The Lucky One (Taylor's Version),spotify:track:4e5ayHsOLJNLTGfjau2mEw,0.066,0.686,0.571,0.0,0.0608,-7.138,0.05,117.889,0.538,70
91,Red (Taylor's Version),14,7qEUFOVcxRI19tbT68JcYK,Everything Has Changed (feat. Ed Sheeran) (Taylor’s Version),spotify:track:7qEUFOVcxRI19tbT68JcYK,0.271,0.498,0.61,0.0,0.223,-5.098,0.0363,79.918,0.474,76
92,Red (Taylor's Version),15,7A2cNLRT0YJc1yjxHlKihs,Starlight (Taylor's Version),spotify:track:7A2cNLRT0YJc1yjxHlKihs,0.00324,0.628,0.685,0.0,0.18,-5.864,0.0358,126.014,0.605,70
93,Red (Taylor's Version),16,05GsNucq8Bngd9fnd4fRa0,Begin Again (Taylor's Version),spotify:track:05GsNucq8Bngd9fnd4fRa0,0.075,0.519,0.527,0.0,0.132,-7.673,0.0274,78.915,0.267,73
94,Red (Taylor's Version),17,0NRHj8hDwwmSPaA41o379r,The Moment I Knew (Taylor's Version),spotify:track:0NRHj8hDwwmSPaA41o379r,0.0494,0.636,0.402,0.0,0.107,-7.855,0.031,125.952,0.208,70
95,Red (Taylor's Version),18,4pNApnaUWAL2J4KO2eqokq,Come Back...Be Here (Taylor's Version),spotify:track:4pNApnaUWAL2J4KO2eqokq,0.0158,0.46,0.632,0.0,0.0822,-6.031,0.0302,79.846,0.399,73
96,Red (Taylor's Version),19,0DMVrlMUn01M0IcpDbwgu7,Girl At Home (Taylor's Version),spotify:track:0DMVrlMUn01M0IcpDbwgu7,0.00955,0.691,0.736,1.88e-05,0.101,-6.974,0.0326,125.089,0.612,68
97,Red (Taylor's Version),20,5jAIouBES8LWMiriuNq170,State Of Grace (Acoustic Version) (Taylor's Version),spotify:track:5jAIouBES8LWMiriuNq170,0.663,0.445,0.131,1.57e-06,0.108,-13.778,0.0564,208.918,0.101,67
98,Red (Taylor's Version),21,7nWui6jiMM2m9qFmET1Mtj,Ronan (Taylor's Version),spotify:track:7nWui6jiMM2m9qFmET1Mtj,0.661,0.623,0.279,0.0,0.193,-10.802,0.031,116.04,0.38,65
99,Red (Taylor's Version),22,4OmFmE0fzcMG6g0Y8p4eSD,Better Man (Taylor's Version) (From The Vault),spotify:track:4OmFmE0fzcMG6g0Y8p4eSD,0.214,0.473,0.579,0.0,0.0877,-5.824,0.0384,73.942,0.255,73
100,Red (Taylor's Version),23,01K4zKU104LyJ8gMb7227B,Nothing New (feat. Phoebe Bridgers) (Taylor’s Version) (From The Vault),spotify:track:01K4zKU104LyJ8gMb7227B,0.817,0.606,0.377,0.0,0.154,-9.455,0.0275,101.96,0.446,77
101,Red (Taylor's Version),24,0v4z1tuZvn6LGknom9Qx7d,Babe (Taylor's Version) (From The Vault),spotify:track:0v4z1tuZvn6LGknom9Qx7d,0.0538,0.584,0.743,2.83e-06,0.121,-7.075,0.0931,167.844,0.746,74
102,Red (Taylor's Version),25,3z6XUommYDWPHeFhmhhT6j,Message In A Bottle (Taylor's Version) (From The Vault),spotify:track:3z6XUommYDWPHeFhmhhT6j,0.00188,0.622,0.791,3.72e-06,0.083,-6.106,0.0535,115.915,0.494,74
103,Red (Taylor's Version),26,4CkgMiMqZ5JzW9iYXSTMTL,I Bet You Think About Me (feat. Chris Stapleton) (Taylor’s Version) (From The Vault),spotify:track:4CkgMiMqZ5JzW9iYXSTMTL,0.167,0.391,0.715,0.0,0.183,-4.516,0.0495,149.654,0.473,77
104,Red (Taylor's Version),27,3oGVx9RBmiYGv5ZCecWLkx,Forever Winter (Taylor's Version) (From The Vault),spotify:track:3oGVx9RBmiYGv5ZCecWLkx,0.256,0.611,0.552,0.0,0.134,-5.828,0.031,116.012,0.41,70
105,Red (Taylor's Version),28,4IQkfUsrwXol38VV3U7t7T,Run (feat. Ed Sheeran) (Taylor’s Version) (From The Vault),spotify:track:4IQkfUsrwXol38VV3U7t7T,0.817,0.61,0.488,0.0,0.312,-6.918,0.0293,125.039,0.443,72
106,Red (Taylor's Version),29,6pYNq0ZwpPVazKzsqpf0G8,The Very First Night (Taylor's Version) (From The Vault),spotify:track:6pYNq0ZwpPVazKzsqpf0G8,0.00115,0.678,0.733,0.0,0.104,-5.025,0.0281,121.009,0.581,76
107,Red (Taylor's Version),30,5enxwA8aAbwZbf5qCHORXi,All Too Well (10 Minute Version) (Taylor's Version) (From The Vault),spotify:track:5enxwA8aAbwZbf5qCHORXi,0.274,0.631,0.518,0.0,0.088,-8.771,0.0303,93.023,0.205,87
108,Fearless (Taylor's Version),1,77sMIMlNaSURUAXq5coCxE,Fearless (Taylor’s Version),spotify:track:77sMIMlNaSURUAXq5coCxE,0.0122,0.569,0.741,0.0,0.333,-4.963,0.0282,100.118,0.43,85
109,Fearless (Taylor's Version),2,2nqio0SfWg6gh2eCtfuMa5,Fifteen (Taylor’s Version),spotify:track:2nqio0SfWg6gh2eCtfuMa5,0.116,0.559,0.646,0.0,0.32,-4.61,0.0272,95.466,0.289,73
110,Fearless (Taylor's Version),3,6YvqWjhGD8mB5QXcbcUKtx,Love Story (Taylor’s Version),spotify:track:6YvqWjhGD8mB5QXcbcUKtx,0.13,0.627,0.792,3.97e-06,0.0845,-4.311,0.031,119.054,0.415,82
111,Fearless (Taylor's Version),4,550erGcdD9n6PnwxrvYqZT,Hey Stephen (Taylor’s Version),spotify:track:550erGcdD9n6PnwxrvYqZT,0.106,0.788,0.571,0.0,0.0934,-6.135,0.0296,115.99,0.797,71
112,Fearless (Taylor's Version),5,5YL553x8sHderRBDlm3NM3,White Horse (Taylor’s Version),spotify:track:5YL553x8sHderRBDlm3NM3,0.369,0.423,0.517,0.0,0.177,-7.377,0.0486,185.262,0.366,72
113,Fearless (Taylor's Version),6,1qrpoAMXodY6895hGKoUpA,You Belong With Me (Taylor’s Version),spotify:track:1qrpoAMXodY6895hGKoUpA,0.0623,0.632,0.773,0.0,0.0885,-4.856,0.0346,130.033,0.474,86
114,Fearless (Taylor's Version),7,7HC7R2D8WjXVcUHJyEGjRs,Breathe (feat. Colbie Caillat) (Taylor’s Version),spotify:track:7HC7R2D8WjXVcUHJyEGjRs,0.156,0.506,0.626,0.0,0.228,-6.066,0.0287,148.035,0.321,69
115,Fearless (Taylor's Version),8,0k0vFacOHNuArLWMiH60p7,Tell Me Why (Taylor’s Version),spotify:track:0k0vFacOHNuArLWMiH60p7,0.0222,0.578,0.909,0.0,0.333,-3.669,0.0628,100.023,0.541,68
116,Fearless (Taylor's Version),9,6iiAfo4wTA2CVC3Uwx9uh8,You’re Not Sorry (Taylor’s Version),spotify:track:6iiAfo4wTA2CVC3Uwx9uh8,0.0538,0.506,0.444,0.0,0.123,-4.99,0.0285,133.873,0.241,70
117,Fearless (Taylor's Version),10,22bPsP2jCgbLUvh82U0Z3M,The Way I Loved You (Taylor’s Version),spotify:track:22bPsP2jCgbLUvh82U0Z3M,0.0033,0.402,0.732,0.0,0.108,-4.665,0.0484,161.032,0.472,83
118,Fearless (Taylor's Version),11,1msEuwSBneBKpVCZQcFTsU,Forever & Always (Taylor’s Version),spotify:track:1msEuwSBneBKpVCZQcFTsU,0.0231,0.598,0.821,0.0,0.143,-4.433,0.0447,128.03,0.673,74
119,Fearless (Taylor's Version),12,6ON9UuIq49xXY9GPmHIYRp,The Best Day (Taylor’s Version),spotify:track:6ON9UuIq49xXY9GPmHIYRp,0.488,0.642,0.576,0.0,0.159,-8.524,0.0282,125.0,0.469,67
120,Fearless (Taylor's Version),13,3ExweHKZF9B752DPQByRVT,Change (Taylor’s Version),spotify:track:3ExweHKZF9B752DPQByRVT,0.000191,0.499,0.815,0.0,0.181,-4.063,0.0341,95.999,0.344,66
121,Fearless (Taylor's Version),14,2m3ObD945KvpE5y9A1eUWm,Jump Then Fall (Taylor’s Version),spotify:track:2m3ObD945KvpE5y9A1eUWm,0.0474,0.572,0.69,0.0,0.0897,-6.201,0.0358,160.111,0.624,68
122,Fearless (Taylor's Version),15,0tQ9vBYpldCuikPsbgOVKA,Untouchable (Taylor’s Version),spotify:track:0tQ9vBYpldCuikPsbgOVKA,0.0181,0.393,0.531,0.0,0.169,-6.112,0.0329,200.391,0.224,68
123,Fearless (Taylor's Version),16,01QdEx6kFr78ZejhQtWR5m,Forever & Always (Piano Version) (Taylor’s Version),spotify:track:01QdEx6kFr78ZejhQtWR5m,0.819,0.546,0.273,0.0,0.137,-9.208,0.0308,118.753,0.271,67
124,Fearless (Taylor's Version),17,1n2wszmJyVkw6FHqyLnQsY,Come In With The Rain (Taylor’s Version),spotify:track:1n2wszmJyVkw6FHqyLnQsY,0.0406,0.476,0.564,0.0,0.102,-5.677,0.0269,143.929,0.167,65
125,Fearless (Taylor's Version),18,51A8eKvvZz9uydvIZ7xRSV,Superstar (Taylor’s Version),spotify:track:51A8eKvvZz9uydvIZ7xRSV,0.157,0.454,0.555,0.0,0.343,-6.69,0.0283,171.862,0.171,64
126,Fearless (Taylor's Version),19,1cSFlSBdpT4F5vb1frQ231,The Other Side Of The Door (Taylor’s Version),spotify:track:1cSFlSBdpT4F5vb1frQ231,0.0279,0.432,0.873,0.0,0.167,-4.367,0.0577,163.936,0.629,70
127,Fearless (Taylor's Version),20,2JoJrsEV15OzbijS47lids,Today Was A Fairytale (Taylor’s Version),spotify:track:2JoJrsEV15OzbijS47lids,0.0135,0.482,0.779,0.0,0.296,-5.025,0.0409,158.162,0.328,67
128,Fearless (Taylor's Version),21,4CHpVfAhuxNJ3ibExe6kxO,You All Over Me (feat. Maren Morris) (Taylor’s Version) (From The Vault),spotify:track:4CHpVfAhuxNJ3ibExe6kxO,0.816,0.599,0.494,0.0,0.101,-7.61,0.0372,142.893,0.44,65
129,Fearless (Taylor's Version),22,2CYVETnhM9aytqrazYYwrK,Mr. Perfectly Fine (Taylor’s Version) (From The Vault),spotify:track:2CYVETnhM9aytqrazYYwrK,0.162,0.66,0.817,0.0,0.0667,-6.269,0.0521,135.942,0.714,77
130,Fearless (Taylor's Version),23,34V9RiEPe8MNdU32qJsJa1,We Were Happy (Taylor’s Version) (From The Vault),spotify:track:34V9RiEPe8MNdU32qJsJa1,0.849,0.609,0.373,0.0,0.0779,-8.819,0.0263,106.007,0.13,68
131,Fearless (Taylor's Version),24,7eResoqEJJAVTkQYSqvO3P,That’s When (feat. Keith Urban) (Taylor’s Version) (From The Vault),spotify:track:7eResoqEJJAVTkQYSqvO3P,0.225,0.588,0.608,0.0,0.092,-7.062,0.0365,90.201,0.508,69
132,Fearless (Taylor's Version),25,4uuEGH5SVuzkkSFjo2DEiY,Don’t You (Taylor’s Version) (From The Vault),spotify:track:4uuEGH5SVuzkkSFjo2DEiY,0.514,0.563,0.473,1.2e-05,0.109,-11.548,0.0503,101.934,0.405,69
133,Fearless (Taylor's Version),26,4qUijfYU8EoIWiY6oSyrgT,Bye Bye Baby (Taylor’s Version) (From The Vault),spotify:track:4qUijfYU8EoIWiY6oSyrgT,0.334,0.624,0.624,0.0,0.0995,-7.86,0.0539,80.132,0.527,67
134,evermore (deluxe version),1,2gVhfX2Gy1T9kDuS9azrF7,willow,spotify:track:2gVhfX2Gy1T9kDuS9azrF7,0.833,0.392,0.574,0.00179,0.145,-9.195,0.17,81.112,0.529,74
135,evermore (deluxe version),2,1gcyHQpBQ1lfXGdhZmWrHP,champagne problems,spotify:track:1gcyHQpBQ1lfXGdhZmWrHP,0.92,0.462,0.24,0.0,0.113,-12.077,0.0377,171.319,0.32,75
136,evermore (deluxe version),3,3Dby3p1m6IOZn2gIIqECgK,gold rush,spotify:track:3Dby3p1m6IOZn2gIIqECgK,0.83,0.512,0.462,0.166,0.121,-10.491,0.0408,112.05,0.353,72
137,evermore (deluxe version),4,6sQckd3Z8NPxVVKUnavY1F,‘tis the damn season,spotify:track:6sQckd3Z8NPxVVKUnavY1F,0.735,0.575,0.434,6.59e-05,0.105,-8.193,0.0312,145.916,0.348,73
138,evermore (deluxe version),5,6lCvK2AR2uOKkVFCVlAzzm,tolerate it,spotify:track:6lCvK2AR2uOKkVFCVlAzzm,0.878,0.316,0.361,2.67e-05,0.0797,-10.381,0.0488,74.952,0.221,73
139,evermore (deluxe version),6,6uwfVkaOM1mcMkFmSn35ix,"no body, no crime (feat. HAIM)",spotify:track:6uwfVkaOM1mcMkFmSn35ix,0.418,0.546,0.613,0.0,0.103,-7.589,0.0264,79.015,0.535,72
140,evermore (deluxe version),7,55Vf4bimc1Rtfg0PAQRAo2,happiness,spotify:track:55Vf4bimc1Rtfg0PAQRAo2,0.87,0.559,0.334,0.0,0.114,-10.733,0.0376,122.079,0.211,70
141,evermore (deluxe version),8,66tOfHVH3aUrscg8vExRV4,dorothea,spotify:track:66tOfHVH3aUrscg8vExRV4,0.696,0.605,0.488,0.0,0.129,-8.322,0.0264,119.966,0.354,70
142,evermore (deluxe version),9,2awNGIJHodfLZSClB3PYhz,coney island (feat. The National),spotify:track:2awNGIJHodfLZSClB3PYhz,0.819,0.537,0.537,0.000904,0.142,-11.266,0.0617,107.895,0.292,70
143,evermore (deluxe version),10,43Ykum9T72UOPhBN31grpN,ivy,spotify:track:43Ykum9T72UOPhBN31grpN,0.855,0.515,0.545,1.97e-05,0.0921,-9.277,0.0353,88.856,0.535,71
144,evermore (deluxe version),11,52OkpDsU6MmPx1AwGOb6Ap,cowboy like me,spotify:track:52OkpDsU6MmPx1AwGOb6Ap,0.768,0.604,0.517,0.000155,0.123,-9.014,0.0347,127.967,0.511,71
145,evermore (deluxe version),12,5VYWxXUpxuxEmCqMLDqICo,long story short,spotify:track:5VYWxXUpxuxEmCqMLDqICo,0.66,0.546,0.73,0.179,0.0972,-7.704,0.0417,157.895,0.573,70
146,evermore (deluxe version),13,5uICWmZTLkpEVbK22PBP6e,marjorie,spotify:track:5uICWmZTLkpEVbK22PBP6e,0.876,0.535,0.561,0.000136,0.115,-11.609,0.0484,96.103,0.287,70
147,evermore (deluxe version),14,6a8aUhYbaQBUI8PcJ5ZmQ6,closure,spotify:track:6a8aUhYbaQBUI8PcJ5ZmQ6,0.835,0.689,0.704,4.83e-06,0.134,-10.813,0.245,151.884,0.92,68
148,evermore (deluxe version),15,6Wlq9rqkxrqj5Kls4Kw14H,evermore (feat. Bon Iver),spotify:track:6Wlq9rqkxrqj5Kls4Kw14H,0.937,0.39,0.27,0.00227,0.111,-10.673,0.0308,125.177,0.32,71
149,evermore (deluxe version),16,3zwMVvkBe2qIKDObWgXw4N,right where you left me - bonus track,spotify:track:3zwMVvkBe2qIKDObWgXw4N,0.769,0.581,0.619,0.000106,0.117,-6.524,0.0282,137.915,0.645,82
150,evermore (deluxe version),17,1kdWw77ZpYOkhxeuhzU1j6,it’s time to go - bonus track,spotify:track:1kdWw77ZpYOkhxeuhzU1j6,0.801,0.592,0.41,1.39e-05,0.09,-12.426,0.0397,151.923,0.416,73
151,evermore,1,0lx2cLdOt3piJbcaXIV74f,willow,spotify:track:0lx2cLdOt3piJbcaXIV74f,0.833,0.392,0.574,0.00179,0.145,-9.195,0.17,81.112,0.529,82
152,evermore,2,0sY6ZUTh4yoctD8VIXz339,champagne problems,spotify:track:0sY6ZUTh4yoctD8VIXz339,0.92,0.462,0.24,0.0,0.113,-12.077,0.0377,171.319,0.32,82
153,evermore,3,5BK0uqwY9DNfZ630STAEaq,gold rush,spotify:track:5BK0uqwY9DNfZ630STAEaq,0.83,0.512,0.462,0.166,0.121,-10.491,0.0408,112.05,0.353,75
154,evermore,4,7dW84mWkdWE5a6lFWxJCBG,‘tis the damn season,spotify:track:7dW84mWkdWE5a6lFWxJCBG,0.735,0.575,0.434,6.59e-05,0.105,-8.193,0.0312,145.916,0.348,76
155,evermore,5,0PurA4JVJ8YQgSVopY8fn6,tolerate it,spotify:track:0PurA4JVJ8YQgSVopY8fn6,0.878,0.316,0.361,2.67e-05,0.0797,-10.381,0.0488,74.952,0.221,78
156,evermore,6,3RaT22zZsxVYxxKR7TAaYF,"no body, no crime (feat. HAIM)",spotify:track:3RaT22zZsxVYxxKR7TAaYF,0.418,0.546,0.613,0.0,0.103,-7.589,0.0264,79.015,0.535,73
157,evermore,7,73YUReisjb3A9ActdLLjJQ,happiness,spotify:track:73YUReisjb3A9ActdLLjJQ,0.87,0.559,0.334,0.0,0.114,-10.733,0.0376,122.079,0.211,70
158,evermore,8,670fUmXf4KQekzbEgaXyPA,dorothea,spotify:track:670fUmXf4KQekzbEgaXyPA,0.696,0.605,0.488,0.0,0.129,-8.322,0.0264,119.966,0.354,69
159,evermore,9,3k7ne7VmH43ZPWxPdvPUgR,coney island (feat. The National),spotify:track:3k7ne7VmH43ZPWxPdvPUgR,0.819,0.537,0.537,0.000904,0.142,-11.266,0.0617,107.895,0.292,68
160,evermore,10,19CSr8rwW05VJL2F91KFNK,ivy,spotify:track:19CSr8rwW05VJL2F91KFNK,0.855,0.515,0.545,1.97e-05,0.0921,-9.277,0.0353,88.856,0.535,74
161,evermore,11,1XjHRolIXL2M1EEOUsGGR4,cowboy like me,spotify:track:1XjHRolIXL2M1EEOUsGGR4,0.768,0.604,0.517,0.000155,0.123,-9.014,0.0347,127.967,0.511,72
162,evermore,12,2o2sgVJIgFXk8GQjWTgI6U,long story short,spotify:track:2o2sgVJIgFXk8GQjWTgI6U,0.66,0.546,0.73,0.179,0.0972,-7.704,0.0417,157.895,0.573,69
163,evermore,13,12ntTeqEeTg7GAVpe8Mhpl,marjorie,spotify:track:12ntTeqEeTg7GAVpe8Mhpl,0.876,0.535,0.561,0.000136,0.115,-11.609,0.0484,96.103,0.287,75
164,evermore,14,35rdVq36LMHQX0Suw9a6tK,closure,spotify:track:35rdVq36LMHQX0Suw9a6tK,0.835,0.689,0.704,4.83e-06,0.134,-10.813,0.245,151.884,0.92,66
165,evermore,15,3O5osWf1rSoKMwe6E9ZaXP,evermore (feat. Bon Iver),spotify:track:3O5osWf1rSoKMwe6E9ZaXP,0.937,0.39,0.27,0.00227,0.111,-10.673,0.0308,125.177,0.32,70
166,folklore: the long pond studio sessions (from the Disney+ special) [deluxe edition],1,0P9wLFurlgumLXuqFEpw52,the 1,spotify:track:0P9wLFurlgumLXuqFEpw52,0.75,0.78,0.361,7.14e-06,0.108,-6.942,0.048,139.902,0.163,55
167,folklore: the long pond studio sessions (from the Disney+ special) [deluxe edition],2,7zcnlq38eqNWyUF6eNaB5Z,cardigan,spotify:track:7zcnlq38eqNWyUF6eNaB5Z,0.525,0.612,0.58,0.000414,0.26,-8.572,0.0419,130.045,0.534,56
168,folklore: the long pond studio sessions (from the Disney+ special) [deluxe edition],3,4ojxSyrEraN7d46BMBPThZ,the last great american dynasty,spotify:track:4ojxSyrEraN7d46BMBPThZ,0.481,0.688,0.653,0.00414,0.106,-8.558,0.0403,147.991,0.701,54
169,folklore: the long pond studio sessions (from the Disney+ special) [deluxe edition],4,6kz2hkq1xQvDqPcUyBkw8f,exile (feat. Bon Iver),spotify:track:6kz2hkq1xQvDqPcUyBkw8f,0.761,0.31,0.374,2.46e-05,0.11,-8.464,0.0275,75.938,0.16,55
170,folklore: the long pond studio sessions (from the Disney+ special) [deluxe edition],5,0Oju1YcbPCJuUQQWoZNdJK,my tears ricochet,spotify:track:0Oju1YcbPCJuUQQWoZNdJK,0.814,0.456,0.265,0.0,0.0679,-10.663,0.0328,129.947,0.112,54
171,folklore: the long pond studio sessions (from the Disney+ special) [deluxe edition],6,5jQyGzcwqAxwT5QUIMivoX,mirrorball,spotify:track:5jQyGzcwqAxwT5QUIMivoX,0.686,0.549,0.417,1.9e-06,0.0604,-10.064,0.035,110.137,0.347,53
172,folklore: the long pond studio sessions (from the Disney+ special) [deluxe edition],7,2vJ7QvyCiR4DaHxwO58izA,seven,spotify:track:2vJ7QvyCiR4DaHxwO58izA,0.888,0.602,0.494,2.59e-05,0.0902,-10.813,0.0277,94.955,0.374,53
173,folklore: the long pond studio sessions (from the Disney+ special) [deluxe edition],8,1UHoF9p75IVsvUt6WdTYhn,august,spotify:track:1UHoF9p75IVsvUt6WdTYhn,0.553,0.387,0.634,6.93e-05,0.0931,-9.222,0.0363,89.567,0.42,56
174,folklore: the long pond studio sessions (from the Disney+ special) [deluxe edition],9,5DnDBYrfGoxdnomqEAkFIv,this is me trying,spotify:track:5DnDBYrfGoxdnomqEAkFIv,0.312,0.511,0.478,2.3e-05,0.147,-9.837,0.0322,135.882,0.408,53
175,folklore: the long pond studio sessions (from the Disney+ special) [deluxe edition],10,7CVTowKpGPA2MsIbkTl2oc,illicit affairs,spotify:track:7CVTowKpGPA2MsIbkTl2oc,0.862,0.529,0.304,0.0,0.108,-10.567,0.0356,119.58,0.44,53
176,folklore: the long pond studio sessions (from the Disney+ special) [deluxe edition],11,4WHIqhrbdva5vQSrCuet3l,invisible string,spotify:track:4WHIqhrbdva5vQSrCuet3l,0.859,0.651,0.459,6.63e-05,0.105,-11.128,0.0507,83.455,0.454,54
177,folklore: the long pond studio sessions (from the Disney+ special) [deluxe edition],12,7klXN6RCN5Rj0VeYO5gBzU,mad woman,spotify:track:7klXN6RCN5Rj0VeYO5gBzU,0.67,0.593,0.7,6.77e-06,0.116,-9.016,0.0492,141.898,0.451,51
178,folklore: the long pond studio sessions (from the Disney+ special) [deluxe edition],13,5MFjHn1qfR9AsWuyzJLk1z,epiphany,spotify:track:5MFjHn1qfR9AsWuyzJLk1z,0.727,0.317,0.254,0.000326,0.0867,-13.679,0.0286,93.933,0.103,50
179,folklore: the long pond studio sessions (from the Disney+ special) [deluxe edition],14,2jhfs6moEAK13eLM6xim4l,betty,spotify:track:2jhfs6moEAK13eLM6xim4l,0.589,0.595,0.376,0.0,0.0989,-8.767,0.0256,95.946,0.476,51
180,folklore: the long pond studio sessions (from the Disney+ special) [deluxe edition],15,0O9i6jhscByEJs1ipy5hu4,peace,spotify:track:0O9i6jhscByEJs1ipy5hu4,0.916,0.644,0.284,1.5e-05,0.0909,-12.879,0.0821,150.072,0.328,50
181,folklore: the long pond studio sessions (from the Disney+ special) [deluxe edition],16,4XCYmu7QLySdIahgBALKJK,hoax,spotify:track:4XCYmu7QLySdIahgBALKJK,0.964,0.676,0.178,7.9e-06,0.135,-15.01,0.0394,118.84,0.404,50
182,folklore: the long pond studio sessions (from the Disney+ special) [deluxe edition],17,0zEprKYeuGOIZoHyu6O1E2,the lakes - bonus track,spotify:track:0zEprKYeuGOIZoHyu6O1E2,0.842,0.313,0.258,1.3e-06,0.0948,-11.532,0.0383,179.947,0.268,51
183,folklore: the long pond studio sessions (from the Disney+ special) [deluxe edition],1,08J4bMHbILkwSIhbtrcvjN,the 1 - the long pond studio sessions,spotify:track:08J4bMHbILkwSIhbtrcvjN,0.898,0.708,0.25,0.026,0.102,-10.731,0.0361,139.803,0.156,60
184,folklore: the long pond studio sessions (from the Disney+ special) [deluxe edition],2,3EPgWM1zfTSzEc0z4AwWTM,cardigan - the long pond studio sessions,spotify:track:3EPgWM1zfTSzEc0z4AwWTM,0.88,0.395,0.234,0.0,0.107,-9.704,0.0382,86.478,0.247,62
185,folklore: the long pond studio sessions (from the Disney+ special) [deluxe edition],3,28tIMaewZuGR8urkvFhQyA,the last great american dynasty - the long pond studio sessions,spotify:track:28tIMaewZuGR8urkvFhQyA,0.743,0.64,0.618,0.004,0.0574,-11.715,0.0379,147.948,0.614,58
186,folklore: the long pond studio sessions (from the Disney+ special) [deluxe edition],4,7N015NTIWGjQDddHUdHPoO,exile (feat. Bon Iver) - the long pond studio sessions,spotify:track:7N015NTIWGjQDddHUdHPoO,0.848,0.359,0.305,6.74e-05,0.111,-10.295,0.0306,151.956,0.108,60
187,folklore: the long pond studio sessions (from the Disney+ special) [deluxe edition],5,5mdNyCS7ttVcAyVYOIFEjs,my tears ricochet - the long pond studio sessions,spotify:track:5mdNyCS7ttVcAyVYOIFEjs,0.946,0.531,0.172,1.01e-05,0.0615,-12.34,0.0351,129.007,0.168,62
188,folklore: the long pond studio sessions (from the Disney+ special) [deluxe edition],6,2yceD2hx5HhOLgkm1CITCi,mirrorball - the long pond studio sessions,spotify:track:2yceD2hx5HhOLgkm1CITCi,0.78,0.509,0.386,3.45e-05,0.118,-8.434,0.0272,109.993,0.109,59
189,folklore: the long pond studio sessions (from the Disney+ special) [deluxe edition],7,4cOWq0cVsKjxaQpRMbDoH1,seven - the long pond studio sessions,spotify:track:4cOWq0cVsKjxaQpRMbDoH1,0.914,0.694,0.449,0.000126,0.1,-11.49,0.0301,94.963,0.363,58
190,folklore: the long pond studio sessions (from the Disney+ special) [deluxe edition],8,4MGexoZc12lqE0hYkq9YYx,august - the long pond studio sessions,spotify:track:4MGexoZc12lqE0hYkq9YYx,0.5,0.554,0.663,4.77e-05,0.791,-8.961,0.0324,89.977,0.545,61
191,folklore: the long pond studio sessions (from the Disney+ special) [deluxe edition],9,1gaLZjPrDnHQWJds2Jg4KT,this is me trying - the long pond studio sessions,spotify:track:1gaLZjPrDnHQWJds2Jg4KT,0.928,0.435,0.332,0.000898,0.0867,-11.611,0.031,68.097,0.157,61
192,folklore: the long pond studio sessions (from the Disney+ special) [deluxe edition],10,560uQyz3p5G9WdnMX39xc6,illicit affairs - the long pond studio sessions,spotify:track:560uQyz3p5G9WdnMX39xc6,0.883,0.489,0.235,0.0,0.113,-10.274,0.0356,117.699,0.435,59
193,folklore: the long pond studio sessions (from the Disney+ special) [deluxe edition],11,5KByGq0JijSSDcy0qzuINs,invisible string - the long pond studio sessions,spotify:track:5KByGq0JijSSDcy0qzuINs,0.942,0.59,0.282,4.85e-06,0.11,-10.542,0.0281,83.438,0.351,58
194,folklore: the long pond studio sessions (from the Disney+ special) [deluxe edition],12,04xrhDrQ2WOW8GLwu7kbc0,mad woman - the long pond studio sessions,spotify:track:04xrhDrQ2WOW8GLwu7kbc0,0.887,0.663,0.465,0.000168,0.109,-10.463,0.0408,141.834,0.346,56
195,folklore: the long pond studio sessions (from the Disney+ special) [deluxe edition],13,4yyKppX85ZkmlGOC2toBZA,epiphany - the long pond studio sessions,spotify:track:4yyKppX85ZkmlGOC2toBZA,0.916,0.524,0.2,0.000392,0.068,-13.004,0.0274,93.87,0.113,56
196,folklore: the long pond studio sessions (from the Disney+ special) [deluxe edition],14,1mh5dObNoOvCfHmXnhvDEK,betty - the long pond studio sessions,spotify:track:1mh5dObNoOvCfHmXnhvDEK,0.841,0.538,0.316,0.0,0.119,-9.5,0.0299,95.68,0.518,58
197,folklore: the long pond studio sessions (from the Disney+ special) [deluxe edition],15,4YHHz3VIXgNDGdoL9xC1tx,peace - the long pond studio sessions,spotify:track:4YHHz3VIXgNDGdoL9xC1tx,0.93,0.619,0.344,7.61e-05,0.0734,-11.472,0.0647,149.897,0.513,56
198,folklore: the long pond studio sessions (from the Disney+ special) [deluxe edition],16,0QTBsdoJhamY3Aid3fOsOd,hoax - the long pond studio sessions,spotify:track:0QTBsdoJhamY3Aid3fOsOd,0.962,0.682,0.155,0.0,0.18,-13.083,0.0394,118.832,0.483,57
199,folklore: the long pond studio sessions (from the Disney+ special) [deluxe edition],17,6mqyTq948oap5AkyTsd6XF,the lakes - the long pond studio sessions,spotify:track:6mqyTq948oap5AkyTsd6XF,0.794,0.606,0.221,0.0,0.0888,-11.767,0.0468,89.844,0.112,59
200,folklore (deluxe version),1,4pfrrhvplbJZAIsfosGWQP,the 1,spotify:track:4pfrrhvplbJZAIsfosGWQP,0.75,0.78,0.361,7.14e-06,0.108,-6.942,0.048,139.902,0.163,74
201,folklore (deluxe version),2,0KRYCBwIpWYFNrXOmXbyUh,cardigan,spotify:track:0KRYCBwIpWYFNrXOmXbyUh,0.525,0.612,0.58,0.000414,0.26,-8.572,0.0419,130.045,0.534,75
202,folklore (deluxe version),3,2olxzvoFI9IpxqFeUv7WOX,the last great american dynasty,spotify:track:2olxzvoFI9IpxqFeUv7WOX,0.481,0.688,0.653,0.00414,0.106,-8.558,0.0403,147.991,0.701,73
203,folklore (deluxe version),4,5S4aYQAJOwJMAamANWlICO,exile (feat. Bon Iver),spotify:track:5S4aYQAJOwJMAamANWlICO,0.761,0.31,0.374,2.46e-05,0.11,-8.464,0.0275,75.938,0.16,75
204,folklore (deluxe version),5,5P2bHCDM2tsgIaYWsZMhu5,my tears ricochet,spotify:track:5P2bHCDM2tsgIaYWsZMhu5,0.814,0.456,0.265,0.0,0.0679,-10.663,0.0328,129.947,0.112,74
205,folklore (deluxe version),6,2I8YAEA1VmCuP1wkJHMpTw,mirrorball,spotify:track:2I8YAEA1VmCuP1wkJHMpTw,0.686,0.549,0.417,1.9e-06,0.0604,-10.064,0.035,110.137,0.347,73
206,folklore (deluxe version),7,76mOLcXOjOEhyY4mMF1l3r,seven,spotify:track:76mOLcXOjOEhyY4mMF1l3r,0.888,0.602,0.494,2.59e-05,0.0902,-10.813,0.0277,94.955,0.374,73
207,folklore (deluxe version),8,6nK2pIKFcRc5frrZKHgsiT,august,spotify:track:6nK2pIKFcRc5frrZKHgsiT,0.553,0.387,0.634,6.93e-05,0.0931,-9.222,0.0363,89.567,0.42,74
208,folklore (deluxe version),9,7cm50Lw03k6VvRauJtkyTj,this is me trying,spotify:track:7cm50Lw03k6VvRauJtkyTj,0.312,0.511,0.478,2.3e-05,0.147,-9.837,0.0322,135.882,0.408,73
209,folklore (deluxe version),10,6DrLROM5MG9bxWHeEG5elq,illicit affairs,spotify:track:6DrLROM5MG9bxWHeEG5elq,0.862,0.529,0.304,0.0,0.108,-10.567,0.0356,119.58,0.44,73
210,folklore (deluxe version),11,2ehRU518I0hYqMGQnk4lDY,invisible string,spotify:track:2ehRU518I0hYqMGQnk4lDY,0.859,0.651,0.459,6.63e-05,0.105,-11.128,0.0507,83.455,0.454,73
211,folklore (deluxe version),12,0RP1kqoSPkVXsKiQNhMKzV,mad woman,spotify:track:0RP1kqoSPkVXsKiQNhMKzV,0.67,0.593,0.7,6.77e-06,0.116,-9.016,0.0492,141.898,0.451,70
212,folklore (deluxe version),13,1EXa37LpSvi3OQ9UYQ28rD,epiphany,spotify:track:1EXa37LpSvi3OQ9UYQ28rD,0.727,0.317,0.254,0.000326,0.0867,-13.679,0.0286,93.933,0.103,69
213,folklore (deluxe version),14,3IhtE4fkytdrtEfV34UzkD,betty,spotify:track:3IhtE4fkytdrtEfV34UzkD,0.589,0.595,0.376,0.0,0.0989,-8.767,0.0256,95.946,0.476,71
214,folklore (deluxe version),15,6JlI8Ay77m4nJvZTHvfT1J,peace,spotify:track:6JlI8Ay77m4nJvZTHvfT1J,0.916,0.644,0.284,1.5e-05,0.0909,-12.879,0.0821,150.072,0.328,70
215,folklore (deluxe version),16,0YeDG5HnKnG7jpArkzsSPa,hoax,spotify:track:0YeDG5HnKnG7jpArkzsSPa,0.964,0.676,0.178,7.9e-06,0.135,-15.01,0.0394,118.84,0.404,69
216,folklore (deluxe version),17,0eFQWVz0qIxDOvhLpZ40P7,the lakes - bonus track,spotify:track:0eFQWVz0qIxDOvhLpZ40P7,0.842,0.313,0.258,1.3e-06,0.0948,-11.532,0.0383,179.947,0.268,73
217,folklore,1,0Jlcvv8IykzHaSmj49uNW8,the 1,spotify:track:0Jlcvv8IykzHaSmj49uNW8,0.757,0.777,0.357,7.28e-06,0.108,-6.942,0.0522,139.883,0.172,81
218,folklore,2,4R2kfaDFhslZEMJqAFNpdd,cardigan,spotify:track:4R2kfaDFhslZEMJqAFNpdd,0.537,0.613,0.581,0.000345,0.25,-8.588,0.0424,130.033,0.551,91
219,folklore,3,2Eeur20xVqfUoM3Q7EFPFt,the last great american dynasty,spotify:track:2Eeur20xVqfUoM3Q7EFPFt,0.467,0.686,0.662,0.0023,0.109,-8.505,0.0413,147.922,0.706,78
220,folklore,4,4pvb0WLRcMtbPGmtejJJ6y,exile (feat. Bon Iver),spotify:track:4pvb0WLRcMtbPGmtejJJ6y,0.778,0.298,0.38,5.62e-05,0.11,-8.426,0.0287,75.602,0.152,83
221,folklore,5,1MgV7FIyNxIG7WzMRJV5HC,my tears ricochet,spotify:track:1MgV7FIyNxIG7WzMRJV5HC,0.806,0.456,0.263,0.0,0.0749,-10.63,0.0332,129.86,0.111,81
222,folklore,6,0ZNU020wNYvgW84iljPkPP,mirrorball,spotify:track:0ZNU020wNYvgW84iljPkPP,0.687,0.553,0.413,2.33e-06,0.0594,-10.037,0.0334,110.107,0.379,81
223,folklore,7,6KJqZcs9XDgVck7Lg9QOTC,seven,spotify:track:6KJqZcs9XDgVck7Lg9QOTC,0.9,0.596,0.488,2.7e-05,0.091,-10.769,0.0274,94.926,0.415,78
224,folklore,8,3hUxzQpSfdDqwM3ZTFQY0K,august,spotify:track:3hUxzQpSfdDqwM3ZTFQY0K,0.538,0.532,0.623,7.28e-05,0.0925,-9.208,0.0331,89.937,0.403,92
225,folklore,9,7kt9e9LFSpN1zQtYEl19o1,this is me trying,spotify:track:7kt9e9LFSpN1zQtYEl19o1,0.314,0.515,0.476,4.74e-05,0.171,-9.843,0.0328,135.886,0.412,80
226,folklore,10,2NmsngXHeC1GQ9wWrzhOMf,illicit affairs,spotify:track:2NmsngXHeC1GQ9wWrzhOMf,0.881,0.559,0.31,0.0,0.106,-10.445,0.0338,119.845,0.46,80
227,folklore,11,6VsvKPJ4xjVNKpI8VVZ3SV,invisible string,spotify:track:6VsvKPJ4xjVNKpI8VVZ3SV,0.838,0.653,0.452,7.73e-05,0.108,-11.143,0.055,83.433,0.45,79
228,folklore,12,2QDyYdZyhlP2fp79KZX8Bi,mad woman,spotify:track:2QDyYdZyhlP2fp79KZX8Bi,0.655,0.592,0.699,1.68e-05,0.114,-8.995,0.0471,141.916,0.506,72
229,folklore,13,08fa9LFcFBTcilB3iq2e2A,epiphany,spotify:track:08fa9LFcFBTcilB3iq2e2A,0.731,0.354,0.267,0.000402,0.0858,-13.69,0.0281,94.219,0.113,70
230,folklore,14,5kI4eCXXzyuIUXjQra0Cxi,betty,spotify:track:5kI4eCXXzyuIUXjQra0Cxi,0.6,0.593,0.377,0.0,0.0976,-8.761,0.0253,95.939,0.502,78
231,folklore,15,7MbT4I8qGntX4fMdqMQgke,peace,spotify:track:7MbT4I8qGntX4fMdqMQgke,0.918,0.647,0.272,1.73e-05,0.0918,-12.906,0.0916,150.044,0.339,72
232,folklore,16,6MWoRt97mnSTXZhu3ggi9C,hoax,spotify:track:6MWoRt97mnSTXZhu3ggi9C,0.966,0.662,0.181,3.86e-06,0.133,-15.065,0.0415,118.819,0.429,71
233,Lover,1,43rA71bccXFGD4C8GOpIlN,I Forgot That You Existed,spotify:track:43rA71bccXFGD4C8GOpIlN,0.298,0.664,0.316,2.03e-06,0.0812,-10.345,0.519,92.875,0.541,77
234,Lover,2,1BxfuPKGuaTgP7aM0Bbdwr,Cruel Summer,spotify:track:1BxfuPKGuaTgP7aM0Bbdwr,0.117,0.552,0.702,2.06e-05,0.105,-5.707,0.157,169.994,0.564,99
235,Lover,3,1dGr1c8CrMLDpV6mPbImSI,Lover,spotify:track:1dGr1c8CrMLDpV6mPbImSI,0.492,0.359,0.543,1.58e-05,0.118,-7.582,0.0919,68.534,0.453,91
236,Lover,4,3RauEVgRgj1IuWdJ9fDs70,The Man,spotify:track:3RauEVgRgj1IuWdJ9fDs70,0.0767,0.777,0.658,0.0,0.0901,-5.191,0.054,110.048,0.633,86
237,Lover,5,3pHkh7d0lzM2AldUtz2x37,The Archer,spotify:track:3pHkh7d0lzM2AldUtz2x37,0.12,0.292,0.574,0.00569,0.0663,-9.375,0.0401,124.344,0.166,82
238,Lover,6,2YWtcWi3a83pdEg3Gif4Pd,I Think He Knows,spotify:track:2YWtcWi3a83pdEg3Gif4Pd,0.00889,0.897,0.366,0.000353,0.0715,-8.029,0.0569,100.003,0.416,79
239,Lover,7,214nt20w5wOxJnY462klLw,Miss Americana & The Heartbreak Prince,spotify:track:214nt20w5wOxJnY462klLw,0.028,0.662,0.747,0.00615,0.138,-6.926,0.0736,150.088,0.487,83
240,Lover,8,4y5bvROuBDPr5fuwXbIBZR,Paper Rings,spotify:track:4y5bvROuBDPr5fuwXbIBZR,0.0129,0.811,0.719,1.36e-05,0.0742,-6.553,0.0497,103.979,0.865,86
241,Lover,9,12M5uqx0ZuwkpLp5rJim1a,Cornelia Street,spotify:track:12M5uqx0ZuwkpLp5rJim1a,0.781,0.824,0.624,0.000189,0.1,-9.728,0.0827,102.012,0.248,81
242,Lover,10,2dgFqt3w9xIQRjhPtwNk3D,Death By A Thousand Cuts,spotify:track:2dgFqt3w9xIQRjhPtwNk3D,0.454,0.712,0.732,0.0,0.319,-6.754,0.0629,94.071,0.313,79
243,Lover,11,1LLXZFeAHK9R4xUramtUKw,London Boy,spotify:track:1LLXZFeAHK9R4xUramtUKw,0.0246,0.695,0.71,0.000104,0.133,-6.639,0.05,157.925,0.557,81
244,Lover,12,4AYtqFyFbX0Xkc2wtcygTr,Soon You’ll Get Better (feat. The Chicks),spotify:track:4AYtqFyFbX0Xkc2wtcygTr,0.907,0.433,0.182,0.0,0.123,-12.566,0.0641,207.476,0.421,73
245,Lover,13,5hQSXkFgbxjZo9uCwd11so,False God,spotify:track:5hQSXkFgbxjZo9uCwd11so,0.736,0.739,0.32,0.000147,0.111,-10.862,0.239,79.97,0.351,78
246,Lover,14,6RRNNciQGZEXnqk8SQ9yv5,You Need To Calm Down,spotify:track:6RRNNciQGZEXnqk8SQ9yv5,0.00929,0.771,0.671,0.0,0.0637,-5.617,0.0553,85.026,0.714,83
247,Lover,15,1SymEzIT3H8UZfibCs3TYi,Afterglow,spotify:track:1SymEzIT3H8UZfibCs3TYi,0.13,0.756,0.449,0.0,0.114,-8.746,0.0344,111.011,0.399,82
248,Lover,16,2Rk4JlNc2TPmZe2af99d45,ME! (feat. Brendon Urie of Panic! At The Disco),spotify:track:2Rk4JlNc2TPmZe2af99d45,0.033,0.61,0.83,0.0,0.118,-4.105,0.0571,182.162,0.728,81
249,Lover,17,1SmiQ65iSAbPto6gPFlBYm,It’s Nice To Have A Friend,spotify:track:1SmiQ65iSAbPto6gPFlBYm,0.971,0.737,0.175,0.000337,0.171,-9.912,0.0401,70.008,0.545,72
250,Lover,18,1fzAuUVbzlhZ1lJAx9PtY6,Daylight,spotify:track:1fzAuUVbzlhZ1lJAx9PtY6,0.808,0.557,0.496,0.000173,0.0772,-9.602,0.0563,149.983,0.265,84
251,reputation,1,2yLa0QULdQr0qAIvVwN6B5,...Ready For It?,spotify:track:2yLa0QULdQr0qAIvVwN6B5,0.0527,0.613,0.764,0.0,0.197,-6.509,0.136,160.015,0.417,84
252,reputation,2,2x0WlnmfG39ZuDmstl9xfX,End Game,spotify:track:2x0WlnmfG39ZuDmstl9xfX,0.00845,0.649,0.589,0.0,0.108,-6.237,0.0558,159.073,0.151,81
253,reputation,3,4svZDCRz4cJoneBpjpx8DJ,I Did Something Bad,spotify:track:4svZDCRz4cJoneBpjpx8DJ,0.0679,0.696,0.602,2.11e-05,0.0696,-6.156,0.159,82.989,0.305,82
254,reputation,4,1R0a2iXumgCiFb7HEZ7gUE,Don’t Blame Me,spotify:track:1R0a2iXumgCiFb7HEZ7gUE,0.106,0.615,0.534,1.76e-05,0.0607,-6.719,0.0386,135.917,0.193,91
255,reputation,5,6NFyWDv5CjfwuzoCkw47Xf,Delicate,spotify:track:6NFyWDv5CjfwuzoCkw47Xf,0.216,0.75,0.404,0.000357,0.0911,-10.178,0.0682,95.045,0.0499,87
256,reputation,6,1P17dC1amhFzptugyAO7Il,Look What You Made Me Do,spotify:track:1P17dC1amhFzptugyAO7Il,0.204,0.766,0.709,1.41e-05,0.126,-6.471,0.123,128.07,0.506,86
257,reputation,7,5PxFv9yJEg9dxvbZggykro,So It Goes...,spotify:track:5PxFv9yJEg9dxvbZggykro,0.122,0.574,0.61,1.1e-06,0.13,-7.283,0.0732,74.957,0.374,76
258,reputation,8,1ZY1PqizIl78geGM4xWlEA,Gorgeous,spotify:track:1ZY1PqizIl78geGM4xWlEA,0.0713,0.8,0.535,9.48e-06,0.213,-6.684,0.135,92.027,0.451,84
259,reputation,9,0VE4kBnHJUgtMf0dy6DRmW,Getaway Car,spotify:track:0VE4kBnHJUgtMf0dy6DRmW,0.00465,0.562,0.689,2.23e-06,0.0888,-6.745,0.127,172.054,0.351,87
260,reputation,10,7HuBDWi18s4aJM8UFnNheH,King Of My Heart,spotify:track:7HuBDWi18s4aJM8UFnNheH,0.00882,0.675,0.703,2.21e-06,0.0391,-7.902,0.0382,110.01,0.314,80
261,reputation,11,7I7JbDv63ZJJsSi24DyJrz,Dancing With Our Hands Tied,spotify:track:7I7JbDv63ZJJsSi24DyJrz,0.0604,0.624,0.691,1.1e-05,0.138,-6.686,0.196,160.024,0.284,78
262,reputation,12,6oVxXO5oQ4pTpO8RSnkzvv,Dress,spotify:track:6oVxXO5oQ4pTpO8RSnkzvv,0.0329,0.719,0.469,0.0,0.169,-8.792,0.0533,120.085,0.0851,82
263,reputation,13,07NxDD1iKCHbAldceD7QLP,This Is Why We Can't Have Nice Things,spotify:track:07NxDD1iKCHbAldceD7QLP,0.0156,0.567,0.789,0.0,0.382,-5.986,0.115,163.96,0.438,78
264,reputation,14,1GwMQaZz6Au3QLDbjbMdme,Call It What You Want,spotify:track:1GwMQaZz6Au3QLDbjbMdme,0.186,0.598,0.504,0.000221,0.34,-9.874,0.0731,163.954,0.252,81
265,reputation,15,7F5oktn5YOsR9eR5YsFtqb,New Year’s Day,spotify:track:7F5oktn5YOsR9eR5YsFtqb,0.921,0.661,0.151,0.0,0.13,-12.864,0.0354,94.922,0.23,76
266,reputation Stadium Tour Surprise Song Playlist,1,00vJzaoxM3Eja1doBUhX0P,All Too Well,spotify:track:00vJzaoxM3Eja1doBUhX0P,0.0448,0.602,0.605,0.000334,0.128,-7.803,0.0244,93.061,0.316,42
267,reputation Stadium Tour Surprise Song Playlist,2,22C0JIVhFaczZ4t9heqREN,Wildest Dreams,spotify:track:22C0JIVhFaczZ4t9heqREN,0.0692,0.55,0.688,0.00144,0.106,-7.416,0.0897,139.997,0.465,46
268,reputation Stadium Tour Surprise Song Playlist,3,7APTsjmZbj7TFXQJAiRti4,The Best Day,spotify:track:7APTsjmZbj7TFXQJAiRti4,0.639,0.669,0.448,4.06e-06,0.158,-8.566,0.0285,126.068,0.383,36
269,reputation Stadium Tour Surprise Song Playlist,4,4V9NuhKQcUFt4cgbynHV79,Red,spotify:track:4V9NuhKQcUFt4cgbynHV79,0.0779,0.605,0.899,0.000125,0.0911,-4.273,0.0423,124.985,0.647,40
270,reputation Stadium Tour Surprise Song Playlist,5,4hCZk6WJBFQeG3P7WsyntI,Holy Ground,spotify:track:4hCZk6WJBFQeG3P7WsyntI,0.0162,0.627,0.816,0.00208,0.0965,-6.698,0.0774,157.043,0.648,36
271,reputation Stadium Tour Surprise Song Playlist,6,7eGeUVeCEvEQrivmjl9Qn3,Teardrops On My Guitar - Radio Single Remix,spotify:track:7eGeUVeCEvEQrivmjl9Qn3,0.313,0.626,0.427,0.0,0.138,-6.993,0.0234,99.959,0.263,38
272,reputation Stadium Tour Surprise Song Playlist,7,7qGr3rjRhndRIpFUA5f2HJ,Our Song,spotify:track:7qGr3rjRhndRIpFUA5f2HJ,0.114,0.545,0.663,0.0,0.321,-5.05,0.0363,178.013,0.565,43
273,reputation Stadium Tour Surprise Song Playlist,8,2P5gfMtCcKP0CkmgqFMyPg,22,spotify:track:2P5gfMtCcKP0CkmgqFMyPg,0.00254,0.66,0.733,0.00146,0.0473,-6.564,0.0379,104.009,0.68,41
274,reputation Stadium Tour Surprise Song Playlist,9,2o2IVjuqRkR9hJxtPjtAP0,I Knew You Were Trouble.,spotify:track:2o2IVjuqRkR9hJxtPjtAP0,0.00476,0.536,0.464,2.67e-06,0.0357,-6.761,0.0412,77.318,0.665,43
275,reputation Stadium Tour Surprise Song Playlist,10,55n9yjI6qqXh5F2mYvUc2y,I Don’t Wanna Live Forever (Fifty Shades Darker),spotify:track:55n9yjI6qqXh5F2mYvUc2y,0.0586,0.731,0.445,1.96e-05,0.14,-8.418,0.0533,117.97,0.106,83
276,reputation Stadium Tour Surprise Song Playlist,11,5rcHBt2aNcGFWW0jaAUe1L,Mean,spotify:track:5rcHBt2aNcGFWW0jaAUe1L,0.451,0.576,0.754,0.0,0.223,-3.982,0.0428,163.886,0.79,39
277,reputation Stadium Tour Surprise Song Playlist,12,3aSYZ4upQ6OSNos26YeVWL,How You Get The Girl,spotify:track:3aSYZ4upQ6OSNos26YeVWL,0.00364,0.765,0.656,0.00868,0.0918,-6.112,0.0504,119.997,0.545,40
278,reputation Stadium Tour Surprise Song Playlist,13,41T04yafZVrjNq2FqvLtId,So It Goes...,spotify:track:41T04yafZVrjNq2FqvLtId,0.122,0.574,0.61,1.1e-06,0.13,-7.283,0.0732,74.957,0.374,57
279,reputation Stadium Tour Surprise Song Playlist,14,0H2UD0LfSCiRr59YMGlCuS,Fifteen,spotify:track:0H2UD0LfSCiRr59YMGlCuS,0.0717,0.55,0.628,0.0,0.138,-4.437,0.0269,95.122,0.211,36
280,reputation Stadium Tour Surprise Song Playlist,15,6FmJKLpyCt42nP2IOVEVc2,Mine,spotify:track:6FmJKLpyCt42nP2IOVEVc2,0.00302,0.621,0.779,3.22e-06,0.187,-2.943,0.0301,121.034,0.67,40
281,reputation Stadium Tour Surprise Song Playlist,16,5h2sBwpUSAndjObfU3ti2r,Sparks Fly,spotify:track:5h2sBwpUSAndjObfU3ti2r,0.041,0.61,0.782,0.0,0.16,-2.98,0.0309,114.977,0.399,38
282,reputation Stadium Tour Surprise Song Playlist,17,0YRGTdfmJPALpglAaraYUr,State Of Grace,spotify:track:0YRGTdfmJPALpglAaraYUr,0.000184,0.591,0.828,0.00113,0.0879,-5.895,0.0333,129.962,0.383,35
283,reputation Stadium Tour Surprise Song Playlist,18,6CB7DczrX9ZJB9Wkjegmaq,Haunted,spotify:track:6CB7DczrX9ZJB9Wkjegmaq,0.0648,0.431,0.949,0.0,0.0612,-2.622,0.0605,162.012,0.37,37
284,reputation Stadium Tour Surprise Song Playlist,19,1UPDfqsVIZLEiZeMuUsni2,Never Grow Up,spotify:track:1UPDfqsVIZLEiZeMuUsni2,0.824,0.714,0.309,0.0,0.136,-8.828,0.0302,124.894,0.545,36
285,reputation Stadium Tour Surprise Song Playlist,20,0r3U7SOcoj4DIEyN44Lt5z,Treacherous,spotify:track:0r3U7SOcoj4DIEyN44Lt5z,0.101,0.704,0.621,4.3e-06,0.14,-8.086,0.0334,109.995,0.395,34
286,reputation Stadium Tour Surprise Song Playlist,21,40PXEOFLJc7UIpLMrhSfW1,Babe,spotify:track:40PXEOFLJc7UIpLMrhSfW1,0.0221,0.577,0.784,0.0,0.125,-3.266,0.101,171.791,0.643,35
287,reputation Stadium Tour Surprise Song Playlist,22,3YLA3NgzFRRa7LiHMtFPby,Welcome To New York,spotify:track:3YLA3NgzFRRa7LiHMtFPby,0.0348,0.789,0.634,1.64e-06,0.302,-4.762,0.0323,116.992,0.658,39
288,reputation Stadium Tour Surprise Song Playlist,23,43sE2O3skbGBpT2tO6fzv9,Fearless,spotify:track:43sE2O3skbGBpT2tO6fzv9,0.0377,0.603,0.718,0.0,0.307,-4.401,0.0272,100.163,0.429,36
289,reputation Stadium Tour Surprise Song Playlist,24,5lg33MHs1BoUtJVClw8ZpI,Enchanted,spotify:track:5lg33MHs1BoUtJVClw8ZpI,0.0717,0.535,0.626,0.00127,0.158,-3.895,0.0274,81.963,0.218,48
290,reputation Stadium Tour Surprise Song Playlist,25,5PSOWHll3h3Vy226xSJk0M,Change,spotify:track:5PSOWHll3h3Vy226xSJk0M,0.00418,0.543,0.763,0.0,0.111,-4.206,0.0376,96.006,0.234,33
291,reputation Stadium Tour Surprise Song Playlist,26,0V3SNHDka1JSCP71HAzpxw,Ours,spotify:track:0V3SNHDka1JSCP71HAzpxw,0.469,0.61,0.56,0.0,0.087,-7.392,0.0279,159.837,0.228,37
292,reputation Stadium Tour Surprise Song Playlist,27,0GmfiNHSgkKamYgQEMYOH3,Out Of The Woods,spotify:track:0GmfiNHSgkKamYgQEMYOH3,0.000743,0.553,0.841,1.19e-05,0.341,-6.937,0.0396,92.008,0.338,42
293,reputation Stadium Tour Surprise Song Playlist,28,5hiqtrACtMJkNpaNHj0n9Z,Come Back...Be Here,spotify:track:5hiqtrACtMJkNpaNHj0n9Z,0.00471,0.483,0.548,2.01e-06,0.0997,-6.291,0.0254,79.926,0.217,35
294,reputation Stadium Tour Surprise Song Playlist,29,2RSYYe7LhKFxIi50T5XtUo,A Place in this World,spotify:track:2RSYYe7LhKFxIi50T5XtUo,0.0577,0.573,0.767,0.0,0.327,-2.929,0.0323,114.984,0.438,34
295,reputation Stadium Tour Surprise Song Playlist,30,64KRxmbqypPBlya4nxFmDn,This Love,spotify:track:64KRxmbqypPBlya4nxFmDn,0.678,0.481,0.435,0.0,0.0928,-8.795,0.0321,143.95,0.107,35
296,reputation Stadium Tour Surprise Song Playlist,31,24ksPWXKg1k7OOG57pufED,The Lucky One,spotify:track:24ksPWXKg1k7OOG57pufED,0.0352,0.706,0.505,0.0,0.13,-7.639,0.0358,117.935,0.561,34
297,reputation Stadium Tour Surprise Song Playlist,32,0kqC185OTcnuhbz4T7g5RB,Invisible,spotify:track:0kqC185OTcnuhbz4T7g5RB,0.56,0.609,0.383,0.0,0.165,-5.732,0.0243,96.005,0.224,33
298,reputation Stadium Tour Surprise Song Playlist,33,3oxgFdIlxFEDEJqn7k5TVN,Breathe,spotify:track:3oxgFdIlxFEDEJqn7k5TVN,0.416,0.442,0.48,0.0,0.129,-7.405,0.0281,73.849,0.167,37
299,reputation Stadium Tour Surprise Song Playlist,34,3EXetjrGgwIjDRNn6YA8sa,Better Man,spotify:track:3EXetjrGgwIjDRNn6YA8sa,0.123,0.502,0.843,0.0,0.0974,-3.648,0.0378,143.944,0.507,38
300,reputation Stadium Tour Surprise Song Playlist,35,5zytSTR2g0I9psX2Z12ex6,Jump Then Fall,spotify:track:5zytSTR2g0I9psX2Z12ex6,0.113,0.617,0.699,0.0,0.074,-5.712,0.0274,80.007,0.818,33
301,reputation Stadium Tour Surprise Song Playlist,36,2G679wnKfyhUOeNx910OXg,Begin Again,spotify:track:2G679wnKfyhUOeNx910OXg,0.199,0.53,0.526,3.52e-06,0.14,-8.349,0.0263,79.025,0.323,34
302,reputation Stadium Tour Surprise Song Playlist,37,4qNEi8zGIYLiMtoW8OaJdx,Tied Together with a Smile,spotify:track:4qNEi8zGIYLiMtoW8OaJdx,0.521,0.479,0.547,0.0,0.0728,-4.948,0.0275,146.147,0.238,34
303,reputation Stadium Tour Surprise Song Playlist,38,2fF3QzbGCrtrDXIdWcg1mv,The Story Of Us,spotify:track:2fF3QzbGCrtrDXIdWcg1mv,0.00556,0.547,0.808,0.000304,0.0587,-3.63,0.0398,139.908,0.65,36
304,reputation Stadium Tour Surprise Song Playlist,39,0QCS4NpURHvWdF1icdkfBw,Forever & Always,spotify:track:0QCS4NpURHvWdF1icdkfBw,0.0806,0.607,0.829,0.0,0.207,-5.02,0.0588,128.057,0.52,34
305,reputation Stadium Tour Surprise Song Playlist,40,0TYJbIHBtmWy9ugtU9BcbE,Hey Stephen,spotify:track:0TYJbIHBtmWy9ugtU9BcbE,0.191,0.843,0.541,1.85e-06,0.108,-7.361,0.0318,116.001,0.838,33
306,reputation Stadium Tour Surprise Song Playlist,41,1XLc4irbX7oQSneh6gWv3O,Speak Now,spotify:track:1XLc4irbX7oQSneh6gWv3O,0.0991,0.712,0.603,0.0,0.102,-3.753,0.0304,118.986,0.714,36
307,reputation Stadium Tour Surprise Song Playlist,42,0eTCaVOYLpJlSkbEi2jay4,Wonderland,spotify:track:0eTCaVOYLpJlSkbEi2jay4,0.0493,0.422,0.692,2.57e-05,0.177,-5.447,0.0549,184.014,0.197,42
308,reputation Stadium Tour Surprise Song Playlist,43,4RMfSYDFkcz0bKoK8fHDgR,White Horse,spotify:track:4RMfSYDFkcz0bKoK8fHDgR,0.314,0.578,0.348,0.0,0.1,-8.066,0.0257,92.673,0.218,34
309,reputation Stadium Tour Surprise Song Playlist,44,6Py8IKZqDyU8aQVrjilbJw,I'm Only Me When I'm With You,spotify:track:6Py8IKZqDyU8aQVrjilbJw,0.00454,0.556,0.933,0.000469,0.101,-3.685,0.072,143.936,0.521,35
310,reputation Stadium Tour Surprise Song Playlist,45,7txpzmA69zyk50K3ZyZSzC,Starlight,spotify:track:7txpzmA69zyk50K3ZyZSzC,0.0192,0.649,0.777,0.000487,0.234,-5.797,0.0391,126.014,0.616,34
311,reputation Stadium Tour Surprise Song Playlist,46,3qGLcmO0XnnrcpAQGZwTvA,I Know Places,spotify:track:3qGLcmO0XnnrcpAQGZwTvA,0.245,0.602,0.755,0.0,0.178,-4.991,0.071,159.965,0.495,38
312,1989 (Deluxe Edition),1,33Kq0AT5rvwyE4azisG08x,Welcome To New York,spotify:track:33Kq0AT5rvwyE4azisG08x,0.0348,0.789,0.634,1.64e-06,0.302,-4.762,0.0323,116.992,0.658,65
313,1989 (Deluxe Edition),2,2sC2P3BN0IXujNaaSyDmtP,Blank Space,spotify:track:2sC2P3BN0IXujNaaSyDmtP,0.103,0.76,0.703,0.0,0.0913,-5.412,0.054,95.997,0.57,68
314,1989 (Deluxe Edition),3,1fo2ctLqj3zBhRQKOXprol,Style,spotify:track:1fo2ctLqj3zBhRQKOXprol,0.00245,0.588,0.791,0.00258,0.118,-5.595,0.0402,94.933,0.487,71
315,1989 (Deluxe Edition),4,6Nde5KuTXyB7jlPO4upaBo,Out Of The Woods,spotify:track:6Nde5KuTXyB7jlPO4upaBo,0.000743,0.553,0.841,1.19e-05,0.341,-6.937,0.0396,92.008,0.338,69
316,1989 (Deluxe Edition),5,0lmMtDQ2ElasKU2qDAE6NN,All You Had To Do Was Stay,spotify:track:0lmMtDQ2ElasKU2qDAE6NN,0.00201,0.605,0.725,2.02e-05,0.101,-5.729,0.0323,96.97,0.539,66
317,1989 (Deluxe Edition),6,3fthfkkvy9av3q3uAGVf7U,Shake It Off,spotify:track:3fthfkkvy9av3q3uAGVf7U,0.0647,0.647,0.8,0.0,0.334,-5.384,0.165,160.078,0.942,66
318,1989 (Deluxe Edition),7,1B5VzXPqMlvRw0U4HJY3dJ,I Wish You Would,spotify:track:1B5VzXPqMlvRw0U4HJY3dJ,0.0158,0.653,0.893,4.95e-05,0.102,-5.966,0.0538,118.035,0.513,70
319,1989 (Deluxe Edition),8,0yN4fNzmVnmgC0dsOoi9Wh,Bad Blood,spotify:track:0yN4fNzmVnmgC0dsOoi9Wh,0.0885,0.646,0.794,6.16e-06,0.201,-6.104,0.19,170.216,0.287,65
320,1989 (Deluxe Edition),9,106R7Z57WYzBAfrXImV30y,Wildest Dreams,spotify:track:106R7Z57WYzBAfrXImV30y,0.0692,0.55,0.688,0.00144,0.106,-7.416,0.0897,139.997,0.465,64
321,1989 (Deluxe Edition),10,6wfugRLamFsTRbPcCpNnP7,How You Get The Girl,spotify:track:6wfugRLamFsTRbPcCpNnP7,0.00364,0.765,0.656,0.00868,0.0918,-6.112,0.0504,119.997,0.545,70
322,1989 (Deluxe Edition),11,1kTPQnabROVkW9bUXdCGrB,This Love,spotify:track:1kTPQnabROVkW9bUXdCGrB,0.678,0.481,0.435,0.0,0.0928,-8.795,0.0321,143.95,0.107,63
323,1989 (Deluxe Edition),12,2zfgVd034GlUvk7LqBHl6u,I Know Places,spotify:track:2zfgVd034GlUvk7LqBHl6u,0.245,0.602,0.755,0.0,0.178,-4.991,0.071,159.965,0.495,68
324,1989 (Deluxe Edition),13,4bXCcoesMt8u99xMsbLr9U,Clean,spotify:track:4bXCcoesMt8u99xMsbLr9U,0.232,0.815,0.377,0.0,0.1,-7.754,0.0346,103.97,0.211,71
325,1989 (Deluxe Edition),14,6iWMI5oOhWrDbLbjmwTWFq,Wonderland,spotify:track:6iWMI5oOhWrDbLbjmwTWFq,0.0493,0.422,0.692,2.57e-05,0.177,-5.447,0.0549,184.014,0.197,72
326,1989 (Deluxe Edition),15,4A2LfnduSTsE8u0ecYROxE,You Are In Love,spotify:track:4A2LfnduSTsE8u0ecYROxE,0.707,0.474,0.48,0.000108,0.0903,-8.894,0.0622,170.109,0.319,71
327,1989 (Deluxe Edition),16,6rZVy6FIG7lSJQMFXHo12z,New Romantics,spotify:track:6rZVy6FIG7lSJQMFXHo12z,0.00463,0.633,0.889,0.000458,0.0658,-5.87,0.0715,121.956,0.584,76
328,1989 (Deluxe Edition),17,4JQm7ebhsrt10wmrP6AfXL,I Know Places - Voice Memo,spotify:track:4JQm7ebhsrt10wmrP6AfXL,0.829,0.592,0.128,0.0,0.527,-17.932,0.589,78.828,0.15,52
329,1989 (Deluxe Edition),18,4TtyvyI42C0KFnbDZvNC8Y,I Wish You Would - Voice Memo,spotify:track:4TtyvyI42C0KFnbDZvNC8Y,0.717,0.781,0.357,0.0,0.185,-16.394,0.912,118.317,0.645,50
330,1989 (Deluxe Edition),19,0yisH8r0f3Mkq34kjzUlCV,Blank Space - Voice Memo,spotify:track:0yisH8r0f3Mkq34kjzUlCV,0.801,0.675,0.234,0.0,0.657,-15.064,0.721,127.296,0.578,50
331,1989,1,6qnM0XXPZOINWA778uNqQ9,Welcome To New York,spotify:track:6qnM0XXPZOINWA778uNqQ9,0.038,0.793,0.634,1.76e-06,0.304,-4.807,0.0324,117.024,0.615,69
332,1989,2,1p80LdxRV74UKvL8gnD7ky,Blank Space,spotify:track:1p80LdxRV74UKvL8gnD7ky,0.085,0.753,0.678,1.64e-06,0.13,-5.421,0.0644,96.006,0.583,82
333,1989,3,4lIxdJw6W3Fg4vUIYCB0S5,Style,spotify:track:4lIxdJw6W3Fg4vUIYCB0S5,0.00253,0.598,0.786,0.0016,0.117,-5.572,0.0383,95.019,0.456,82
334,1989,4,5OndtwLGA9O6XHFcGm2H7r,Out Of The Woods,spotify:track:5OndtwLGA9O6XHFcGm2H7r,0.00103,0.552,0.842,1.17e-05,0.337,-6.938,0.0373,91.991,0.343,71
335,1989,5,0dAb8TY433dl3ZfXYCLE19,All You Had To Do Was Stay,spotify:track:0dAb8TY433dl3ZfXYCLE19,0.00196,0.602,0.736,4.57e-05,0.105,-5.778,0.0338,96.969,0.471,69
336,1989,6,5xTtaWoae3wi06K5WfVUUH,Shake It Off,spotify:track:5xTtaWoae3wi06K5WfVUUH,0.0561,0.647,0.785,0.0,0.148,-5.414,0.165,160.015,0.943,79
337,1989,7,3wmN11qXGL0HyPojvEE1D9,I Wish You Would,spotify:track:3wmN11qXGL0HyPojvEE1D9,0.016,0.648,0.898,9.91e-05,0.109,-5.963,0.0513,118.02,0.502,62
338,1989,8,273dCMFseLcVsoSWx59IoE,Bad Blood,spotify:track:273dCMFseLcVsoSWx59IoE,0.0871,0.65,0.802,6.54e-06,0.148,-6.114,0.181,170.146,0.295,75
339,1989,9,59HjlYCeBsxdI0fcm3zglw,Wildest Dreams,spotify:track:59HjlYCeBsxdI0fcm3zglw,0.0702,0.554,0.666,0.00593,0.106,-7.414,0.0747,140.056,0.472,76
340,1989,10,4dYUOfmWna6DFccnz732n8,How You Get The Girl,spotify:track:4dYUOfmWna6DFccnz732n8,0.00461,0.764,0.66,0.00477,0.0915,-6.136,0.0494,119.988,0.524,60
341,1989,11,3oKMl2tJv4fdidkXUYMI5x,This Love,spotify:track:3oKMl2tJv4fdidkXUYMI5x,0.635,0.475,0.459,0.0,0.101,-8.768,0.0333,143.988,0.0828,56
342,1989,12,3jBMHD19RZdAqG9iFQh7xc,I Know Places,spotify:track:3jBMHD19RZdAqG9iFQh7xc,0.231,0.596,0.763,0.0,0.2,-4.99,0.0661,159.958,0.507,58
343,1989,13,06WgOCf0LV2h4keYXDRnuh,Clean,spotify:track:06WgOCf0LV2h4keYXDRnuh,0.241,0.81,0.379,0.0,0.113,-7.771,0.0349,103.981,0.22,60
344,Red (Deluxe Edition),1,5zyCYmiaVE5y26EZuwZbsw,State Of Grace,spotify:track:5zyCYmiaVE5y26EZuwZbsw,0.000197,0.588,0.825,0.00138,0.0885,-5.882,0.0328,129.968,0.397,48
345,Red (Deluxe Edition),2,1RvQQGwaPipiNgz8RXAKA8,Red,spotify:track:1RvQQGwaPipiNgz8RXAKA8,0.0773,0.602,0.896,8.87e-05,0.091,-4.267,0.0437,124.978,0.641,54
346,Red (Deluxe Edition),3,0XfOV7qY3834QpFVwOb6CC,Treacherous,spotify:track:0XfOV7qY3834QpFVwOb6CC,0.101,0.705,0.621,4.3e-06,0.147,-8.086,0.0334,109.993,0.395,46
347,Red (Deluxe Edition),4,0ciHz919LVKoH4zgxyMPZ9,I Knew You Were Trouble.,spotify:track:0ciHz919LVKoH4zgxyMPZ9,0.00454,0.622,0.469,2.25e-06,0.0398,-6.798,0.0363,77.019,0.679,54
348,Red (Deluxe Edition),5,1q3RiD1tIWUpGsNFADMlvl,All Too Well,spotify:track:1q3RiD1tIWUpGsNFADMlvl,0.0382,0.602,0.609,0.0002,0.127,-7.803,0.0243,93.06,0.337,61
349,Red (Deluxe Edition),6,3bIxTsfeNMO7Nt2J3EUKrA,22,spotify:track:3bIxTsfeNMO7Nt2J3EUKrA,0.00215,0.658,0.729,0.0013,0.0752,-6.561,0.0378,104.007,0.668,59
350,Red (Deluxe Edition),7,31pEV5lPJi7btskZoUr2yu,I Almost Do,spotify:track:31pEV5lPJi7btskZoUr2yu,0.0173,0.567,0.481,4.13e-05,0.182,-7.357,0.027,145.865,0.233,47
351,Red (Deluxe Edition),8,1OYARuagDrpgNNQ4loO1Cs,We Are Never Ever Getting Back Together,spotify:track:1OYARuagDrpgNNQ4loO1Cs,0.00957,0.628,0.676,2.65e-05,0.102,-5.911,0.0916,85.984,0.75,53
352,Red (Deluxe Edition),9,1x0J8LFX23d5h1zzuzZorc,Stay Stay Stay,spotify:track:1x0J8LFX23d5h1zzuzZorc,0.307,0.729,0.748,1.29e-06,0.09,-6.67,0.0245,99.981,0.928,48
353,Red (Deluxe Edition),10,7vvIpJZye5cRR6De1LKM0m,The Last Time,spotify:track:7vvIpJZye5cRR6De1LKM0m,0.035,0.505,0.443,3.15e-06,0.0921,-7.039,0.0276,94.069,0.123,49
354,Red (Deluxe Edition),11,5d2Kn9oAAh9S2EbyCo1i52,Holy Ground,spotify:track:5d2Kn9oAAh9S2EbyCo1i52,0.0162,0.627,0.816,0.00208,0.0966,-6.698,0.0774,157.043,0.648,47
355,Red (Deluxe Edition),12,5QKhg4r4Ibt0LVTmWEXTEg,Sad Beautiful Tragic,spotify:track:5QKhg4r4Ibt0LVTmWEXTEg,0.632,0.624,0.34,0.0337,0.121,-12.411,0.029,129.987,0.261,44
356,Red (Deluxe Edition),13,2wtHlpYSgC7xEdD3DrSHNL,The Lucky One,spotify:track:2wtHlpYSgC7xEdD3DrSHNL,0.0371,0.706,0.499,0.0,0.132,-7.675,0.0369,117.937,0.545,45
357,Red (Deluxe Edition),14,7gdwoOmi258QJq0hmQ4hto,Everything Has Changed,spotify:track:7gdwoOmi258QJq0hmQ4hto,0.36,0.624,0.458,3.89e-06,0.303,-6.755,0.0287,80.017,0.436,49
358,Red (Deluxe Edition),15,0vqI4ZIMuifeKeItGiWbPj,Starlight,spotify:track:0vqI4ZIMuifeKeItGiWbPj,0.0213,0.649,0.777,0.000335,0.221,-5.804,0.0406,126.018,0.587,45
359,Red (Deluxe Edition),16,48A0aShHlovDfTMucMrE66,Begin Again,spotify:track:48A0aShHlovDfTMucMrE66,0.199,0.53,0.526,3.52e-06,0.232,-8.349,0.0263,79.025,0.323,46
360,Red (Deluxe Edition),17,5AsmAjBSSQjRPWgAYIp8tm,The Moment I Knew,spotify:track:5AsmAjBSSQjRPWgAYIp8tm,0.187,0.62,0.506,1.47e-05,0.102,-7.327,0.0312,126.015,0.275,43
361,Red (Deluxe Edition),18,4qyalTRMRH5YuEntvvMvq0,Come Back...Be Here,spotify:track:4qyalTRMRH5YuEntvvMvq0,0.00471,0.483,0.548,2.01e-06,0.0997,-6.291,0.0254,79.926,0.217,48
362,Red (Deluxe Edition),19,6cf6rLb8qcklvJv90W6HCW,Girl At Home,spotify:track:6cf6rLb8qcklvJv90W6HCW,0.272,0.733,0.59,0.0,0.136,-5.86,0.0284,125.048,0.633,41
363,Red (Deluxe Edition),20,7BT9K9BDqq6HI2oWH5UMZQ,Treacherous - Original Demo Recording,spotify:track:7BT9K9BDqq6HI2oWH5UMZQ,0.175,0.828,0.64,6.14e-05,0.0996,-8.248,0.0355,109.993,0.519,39
364,Red (Deluxe Edition),21,4mqgn90sCeVSYqcoftTQTd,Red - Original Demo Recording,spotify:track:4mqgn90sCeVSYqcoftTQTd,0.113,0.678,0.902,0.000235,0.0722,-4.659,0.0358,124.998,0.637,39
365,Red (Deluxe Edition),22,5G9AVKld9q7DCrmoY42raf,State Of Grace - Acoustic,spotify:track:5G9AVKld9q7DCrmoY42raf,0.664,0.626,0.118,0.000169,0.127,-15.91,0.0305,105.597,0.0682,42
366,Red,1,786NsUYn4GGUf8AOt0SQhP,State Of Grace,spotify:track:786NsUYn4GGUf8AOt0SQhP,0.000197,0.588,0.825,0.00138,0.0885,-5.882,0.0328,129.968,0.397,43
367,Red,2,0cITLOYn1Sv4q27zZPqlNK,Red,spotify:track:0cITLOYn1Sv4q27zZPqlNK,0.0773,0.602,0.896,8.87e-05,0.091,-4.267,0.0437,124.978,0.641,60
368,Red,3,5kYFVSQoPu7yRpfiHBwMUk,Treacherous,spotify:track:5kYFVSQoPu7yRpfiHBwMUk,0.101,0.705,0.621,4.3e-06,0.147,-8.086,0.0334,109.993,0.395,42
369,Red,4,72jCZdH0Lhg93z6Z4hBjgj,I Knew You Were Trouble.,spotify:track:72jCZdH0Lhg93z6Z4hBjgj,0.00454,0.622,0.469,2.25e-06,0.0398,-6.798,0.0363,77.019,0.679,64
370,Red,5,4XMP3zVxrnr58T0tjIHvpR,All Too Well,spotify:track:4XMP3zVxrnr58T0tjIHvpR,0.0382,0.602,0.609,0.0002,0.127,-7.803,0.0243,93.06,0.337,49
371,Red,6,2ULNeSomDxVNmdDy8VxEBU,22,spotify:track:2ULNeSomDxVNmdDy8VxEBU,0.00215,0.658,0.729,0.0013,0.0752,-6.561,0.0378,104.007,0.668,54
372,Red,7,5VwFkx7JOimOGTYfha5rs1,I Almost Do,spotify:track:5VwFkx7JOimOGTYfha5rs1,0.0173,0.567,0.481,4.13e-05,0.182,-7.357,0.027,145.865,0.233,44
373,Red,8,7AEAGTc8cReDqcbPoY9gwo,We Are Never Ever Getting Back Together,spotify:track:7AEAGTc8cReDqcbPoY9gwo,0.00957,0.628,0.676,2.65e-05,0.102,-5.911,0.0916,85.984,0.75,62
374,Red,9,1qLeEu4iXEclkLwoBlMiou,Stay Stay Stay,spotify:track:1qLeEu4iXEclkLwoBlMiou,0.307,0.729,0.748,1.29e-06,0.09,-6.67,0.0245,99.981,0.928,42
375,Red,10,3n9mzjgAzjyKawvbHzciXF,The Last Time,spotify:track:3n9mzjgAzjyKawvbHzciXF,0.035,0.505,0.443,3.15e-06,0.0921,-7.039,0.0276,94.069,0.123,41
376,Red,11,1fGsZsIkQkOspfsT24nQP6,Holy Ground,spotify:track:1fGsZsIkQkOspfsT24nQP6,0.0162,0.627,0.816,0.00208,0.0966,-6.698,0.0774,157.043,0.648,41
377,Red,12,6LKjHhOW1az75pCQ9XJJtF,Sad Beautiful Tragic,spotify:track:6LKjHhOW1az75pCQ9XJJtF,0.632,0.624,0.34,0.0337,0.121,-12.411,0.029,129.987,0.261,39
378,Red,13,2X2J0BhxaLTmnxO4pPUhSd,The Lucky One,spotify:track:2X2J0BhxaLTmnxO4pPUhSd,0.0371,0.706,0.499,0.0,0.132,-7.675,0.0369,117.937,0.545,40
379,Red,14,4NAmRvqSITAAzKWnC8yRq3,Everything Has Changed,spotify:track:4NAmRvqSITAAzKWnC8yRq3,0.36,0.624,0.458,3.89e-06,0.303,-6.755,0.0287,80.017,0.436,54
380,Red,15,7MecVsMj22MneZt7kVFaCr,Starlight,spotify:track:7MecVsMj22MneZt7kVFaCr,0.0213,0.649,0.777,0.000335,0.221,-5.804,0.0406,126.018,0.587,40
381,Red,16,0L4YCNRfXAoTvdpWeH2RGj,Begin Again,spotify:track:0L4YCNRfXAoTvdpWeH2RGj,0.199,0.53,0.526,3.52e-06,0.232,-8.349,0.0263,79.025,0.323,58
382,Speak Now World Tour Live,1,1aBJNc2thaKyh5THWzIqHX,Sparks Fly - Live/2011,spotify:track:1aBJNc2thaKyh5THWzIqHX,0.00917,0.455,0.783,0.0,0.918,-5.184,0.0393,114.981,0.298,48
383,Speak Now World Tour Live,2,7yndkPYP6YQQLBpPsizDfh,Mine - Live/2011,spotify:track:7yndkPYP6YQQLBpPsizDfh,0.00233,0.496,0.852,0.0,0.554,-4.775,0.0373,120.969,0.442,47
384,Speak Now World Tour Live,3,72GIZuUXo14oyrS0si3Rgc,The Story Of Us - Live,spotify:track:72GIZuUXo14oyrS0si3Rgc,0.00048,0.419,0.908,0.0,0.815,-5.156,0.0651,139.813,0.472,47
385,Speak Now World Tour Live,4,7mFiEij8AXPUZB7aKLbUlQ,Mean - Live/2011,spotify:track:7mFiEij8AXPUZB7aKLbUlQ,0.154,0.429,0.915,0.0,0.693,-4.373,0.069,163.752,0.432,47
386,Speak Now World Tour Live,5,68QyrSzpnoU04AAhE5z8lj,Ours - Live/2011,spotify:track:68QyrSzpnoU04AAhE5z8lj,0.715,0.421,0.355,0.0,0.867,-10.21,0.0298,77.769,0.267,46
387,Speak Now World Tour Live,6,1IsquhJFJ0qcFZI7FeAEuN,Back To December/Apologize/You're Not Sorry - Live/2011/Medley,spotify:track:1IsquhJFJ0qcFZI7FeAEuN,0.155,0.374,0.516,0.0,0.795,-8.745,0.0294,142.057,0.171,53
388,Speak Now World Tour Live,7,6505MLhnqTDDg4tjoUz2Wp,Better Than Revenge - Live/2011,spotify:track:6505MLhnqTDDg4tjoUz2Wp,0.00306,0.445,0.887,2.67e-05,0.931,-5.629,0.0768,145.954,0.386,48
389,Speak Now World Tour Live,8,3QFB14MOUf3imlyISNmrbT,Speak Now - Live/2011,spotify:track:3QFB14MOUf3imlyISNmrbT,0.0636,0.615,0.694,1.28e-06,0.83,-5.251,0.0318,118.876,0.373,47
390,Speak Now World Tour Live,9,6hH37tyeRdyan1mAppmVor,Last Kiss - Live/2011,spotify:track:6hH37tyeRdyan1mAppmVor,0.205,0.427,0.395,8.73e-06,0.701,-12.551,0.0291,79.517,0.188,47
391,Speak Now World Tour Live,10,0BSmbCIY36iw04azzJ3S0S,Drops Of Jupiter - Live/2011,spotify:track:0BSmbCIY36iw04azzJ3S0S,0.806,0.374,0.504,0.0,0.76,-8.407,0.0392,109.025,0.27,53
392,Speak Now World Tour Live,11,6KF9xd2hBLuexrmBX4vUWD,Bette Davis Eyes - Live/2011,spotify:track:6KF9xd2hBLuexrmBX4vUWD,0.713,0.327,0.488,0.0,0.837,-9.287,0.0322,104.46,0.363,48
393,Speak Now World Tour Live,12,4KB3zBArZ1rHRExilzycaV,I Want You Back - Live/2011,spotify:track:4KB3zBArZ1rHRExilzycaV,0.794,0.536,0.512,0.000122,0.497,-6.794,0.0341,97.397,0.249,49
394,Speak Now World Tour Live,13,4DbI1rr4IQ2bc8nejy9ttd,Dear John - Live/2011,spotify:track:4DbI1rr4IQ2bc8nejy9ttd,0.0157,0.521,0.386,0.0,0.884,-8.784,0.0301,119.518,0.138,47
395,Speak Now World Tour Live,14,3lm4L3pPL32PFy74dR17OR,Enchanted - Live/2011,spotify:track:3lm4L3pPL32PFy74dR17OR,0.0747,0.34,0.663,2.34e-06,0.563,-5.597,0.0331,163.678,0.214,49
396,Speak Now World Tour Live,15,6znB7YZhMJT2B83zfbiyLq,Haunted - Live/2011,spotify:track:6znB7YZhMJT2B83zfbiyLq,0.0245,0.338,0.818,0.0,0.889,-7.495,0.0496,162.157,0.177,47
397,Speak Now World Tour Live,16,5QkzyLUb4ggojNDp8G2OxX,Long Live - Live/2011,spotify:track:5QkzyLUb4ggojNDp8G2OxX,0.0053,0.544,0.728,0.0,0.865,-5.838,0.0282,101.939,0.204,48
398,Speak Now (Deluxe Edition),1,6LZaxlycSWrJZ4Volb25qx,Mine,spotify:track:6LZaxlycSWrJZ4Volb25qx,0.00265,0.624,0.757,1.87e-06,0.189,-2.94,0.0296,121.07,0.658,54
399,Speak Now (Deluxe Edition),2,1q8E1FfFuhd12c5JcJwPxQ,Sparks Fly,spotify:track:1q8E1FfFuhd12c5JcJwPxQ,0.0396,0.605,0.787,1.42e-06,0.163,-3.002,0.0308,114.987,0.374,55
400,Speak Now (Deluxe Edition),3,7lxADouiWFkwR7ZV2GKUcH,Back To December,spotify:track:7lxADouiWFkwR7ZV2GKUcH,0.117,0.529,0.67,0.0,0.334,-4.663,0.0303,141.893,0.286,55
401,Speak Now (Deluxe Edition),4,1nYWTzy5zu3zEPNgB1sItW,Speak Now,spotify:track:1nYWTzy5zu3zEPNgB1sItW,0.095,0.709,0.599,0.0,0.0973,-3.734,0.0304,118.975,0.735,50
402,Speak Now (Deluxe Edition),5,1ubvV5ECkm6nSI6g1HmbBK,Dear John,spotify:track:1ubvV5ECkm6nSI6g1HmbBK,0.166,0.589,0.47,1.45e-06,0.112,-5.32,0.028,119.386,0.102,56
403,Speak Now (Deluxe Edition),6,4N60XfcTE1ysLZGbYgnYXq,Mean,spotify:track:4N60XfcTE1ysLZGbYgnYXq,0.452,0.568,0.761,0.0,0.217,-3.987,0.0459,163.974,0.789,56
404,Speak Now (Deluxe Edition),7,19tHCfzUSoy5HkpxcmbA0A,The Story Of Us,spotify:track:19tHCfzUSoy5HkpxcmbA0A,0.00478,0.543,0.818,0.000368,0.0357,-3.611,0.0398,139.898,0.683,51
405,Speak Now (Deluxe Edition),8,74WBGgUnpKrJXt6TETfR6Z,Never Grow Up,spotify:track:74WBGgUnpKrJXt6TETfR6Z,0.819,0.714,0.305,0.0,0.174,-8.837,0.0305,124.91,0.554,54
406,Speak Now (Deluxe Edition),9,14LtANuaslKWyYbktUrHBU,Enchanted,spotify:track:14LtANuaslKWyYbktUrHBU,0.0739,0.455,0.623,0.000424,0.146,-3.878,0.0288,163.893,0.208,55
407,Speak Now (Deluxe Edition),10,1By2VQkUN0Frd8mKNV5NYC,Better Than Revenge,spotify:track:1By2VQkUN0Frd8mKNV5NYC,0.0139,0.516,0.917,6.37e-06,0.36,-3.186,0.0827,145.821,0.635,63
408,Speak Now (Deluxe Edition),11,3kfgJql90tzgoxByioAMXR,Innocent,spotify:track:3kfgJql90tzgoxByioAMXR,0.186,0.552,0.608,0.0,0.125,-5.29,0.0259,134.05,0.17,46
409,Speak Now (Deluxe Edition),12,11UaQaEp2LvdspTyyuE3ur,Haunted,spotify:track:11UaQaEp2LvdspTyyuE3ur,0.0826,0.436,0.95,1.08e-06,0.149,-2.627,0.057,162.088,0.352,55
410,Speak Now (Deluxe Edition),13,1D27z8xNzjW0Mwwt1NCWhJ,Last Kiss,spotify:track:1D27z8xNzjW0Mwwt1NCWhJ,0.57,0.371,0.341,3.09e-05,0.101,-9.475,0.0319,89.038,0.196,52
411,Speak Now (Deluxe Edition),14,7DjCRhhFo9PPzca1BjMLcf,Long Live,spotify:track:7DjCRhhFo9PPzca1BjMLcf,0.036,0.418,0.68,7.59e-05,0.114,-4.3,0.0347,204.12,0.142,52
412,Speak Now (Deluxe Edition),15,1EQn3Uc5AyUXoiPLeyCrrg,Ours,spotify:track:1EQn3Uc5AyUXoiPLeyCrrg,0.537,0.608,0.569,0.0,0.097,-7.227,0.0284,159.845,0.238,55
413,Speak Now (Deluxe Edition),16,0vvt4IZOMkRug195S4MUq0,If This Was A Movie,spotify:track:0vvt4IZOMkRug195S4MUq0,0.166,0.511,0.719,4.54e-06,0.34,-3.457,0.0265,147.852,0.289,51
414,Speak Now (Deluxe Edition),17,2R7C9dDqv1UPycvepBFziA,Superman,spotify:track:2R7C9dDqv1UPycvepBFziA,0.0268,0.582,0.765,1.95e-06,0.103,-3.648,0.0324,131.982,0.559,47
415,Speak Now (Deluxe Edition),18,6IH2Z54gYPLqgJtxZjX80i,Back To December - Acoustic,spotify:track:6IH2Z54gYPLqgJtxZjX80i,0.748,0.541,0.453,0.0,0.2,-6.459,0.0266,141.757,0.377,50
416,Speak Now (Deluxe Edition),19,62rlxI6g2PNaWsHoiRryto,Haunted - Acoustic Version,spotify:track:62rlxI6g2PNaWsHoiRryto,0.842,0.563,0.443,0.0,0.293,-5.078,0.0247,80.962,0.313,50
417,Speak Now (Deluxe Edition),20,0fAbfDiuQiUwV7FUcFfRGY,Mine - POP Mix,spotify:track:0fAbfDiuQiUwV7FUcFfRGY,0.00727,0.695,0.723,1.2e-06,0.1,-3.806,0.0285,121.011,0.679,46
