,name,album,release_date,track_number,id,uri,acousticness,danceability,energy,instrumentalness,liveness,loudness,speechiness,tempo,valence,popularity,duration_ms
0,Mine (Taylor's Version),Speak Now (Taylor's Version),2023-07-07,1,7G0gBu6nLdhFDPRLc0HdDG,spotify:track:7G0gBu6nLdhFDPRLc0HdDG,0.00444,0.646,0.783,1.38e-06,0.171,-2.846,0.0356,121.08,0.49,83,231706
1,Sparks Fly (Taylor’s Version),Speak Now (Taylor's Version),2023-07-07,2,3MytWN8L7shNYzGl4tAKRp,spotify:track:3MytWN8L7shNYzGl4tAKRp,0.0251,0.588,0.758,0.0,0.131,-2.347,0.0305,114.991,0.387,81,261230
2,Back To December (Taylor's Version),Speak Now (Taylor's Version),2023-07-07,3,79uDOz0zuuWS7HWxzMmTa2,spotify:track:79uDOz0zuuWS7HWxzMmTa2,0.00621,0.497,0.635,0.0,0.117,-3.927,0.0273,142.063,0.203,84,294189
3,Speak Now (Taylor's Version),Speak Now (Taylor's Version),2023-07-07,4,5xXqyjLicvEpch72qEryFT,spotify:track:5xXqyjLicvEpch72qEryFT,0.248,0.727,0.677,0.0,0.143,-2.871,0.0325,118.995,0.639,80,242473
4,Dear John (Taylor's Version),Speak Now (Taylor's Version),2023-07-07,5,1zU8j1x3yi9xalMF96pzKp,spotify:track:1zU8j1x3yi9xalMF96pzKp,0.0236,0.419,0.47,0.0,0.163,-5.016,0.0296,119.294,0.133,80,405906
5,Mean (Taylor's Version),Speak Now (Taylor's Version),2023-07-07,6,30Y4CV7A6YqtQtTTo7Ue4j,spotify:track:30Y4CV7A6YqtQtTTo7Ue4j,0.311,0.524,0.692,0.0,0.192,-3.866,0.0369,163.874,0.621,79,238693
6,The Story Of Us (Taylor's Version),Speak Now (Taylor's Version),2023-07-07,7,6dTA6y0C2ReQklntzZl8l3,spotify:track:6dTA6y0C2ReQklntzZl8l3,0.00192,0.515,0.781,0.0,0.054,-2.608,0.0535,139.846,0.57,79,267653
7,Never Grow Up (Taylor's Version),Speak Now (Taylor's Version),2023-07-07,8,2EFZ9emtKWEglWUQGEQ3P9,spotify:track:2EFZ9emtKWEglWUQGEQ3P9,0.851,0.685,0.323,0.0,0.198,-7.103,0.0289,125.058,0.569,75,292920
8,Enchanted (Taylor's Version),Speak Now (Taylor's Version),2023-07-07,9,3sW3oSbzsfecv9XoUdGs7h,spotify:track:3sW3oSbzsfecv9XoUdGs7h,0.012,0.505,0.532,0.0,0.149,-3.526,0.0265,81.907,0.216,87,353253
9,Better Than Revenge (Taylor's Version),Speak Now (Taylor's Version),2023-07-07,10,0NwGC0v03ysCYINtg6ns58,spotify:track:0NwGC0v03ysCYINtg6ns58,0.000886,0.496,0.885,0.0,0.191,-2.969,0.0803,145.863,0.665,82,220306
10,Innocent (Taylor's Version),Speak Now (Taylor's Version),2023-07-07,11,12nBPF4Rh4XLFJV0YLN7uj,spotify:track:12nBPF4Rh4XLFJV0YLN7uj,0.101,0.522,0.598,0.0,0.152,-5.327,0.0284,133.627,0.149,74,301221
11,Haunted (Taylor's Version),Speak Now (Taylor's Version),2023-07-07,12,4tMzIAFTFdqGBQLdfbPces,spotify:track:4tMzIAFTFdqGBQLdfbPces,0.00667,0.427,0.915,0.0,0.221,-1.909,0.0619,162.201,0.355,77,245413
12,Last Kiss (Taylor's Version),Speak Now (Taylor's Version),2023-07-07,13,59KOoHFcw5XfICnO57holu,spotify:track:59KOoHFcw5XfICnO57holu,0.447,0.55,0.366,4.43e-06,0.101,-8.46,0.0276,79.401,0.16,77,369120
13,Long Live (Taylor's Version),Speak Now (Taylor's Version),2023-07-07,14,4hqJ4bSlYJOXb6Z4SRmzxs,spotify:track:4hqJ4bSlYJOXb6Z4SRmzxs,0.0122,0.375,0.65,0.0,0.189,-4.031,0.0402,203.89,0.0752,81,317960
14,Ours (Taylor’s Version),Speak Now (Taylor's Version),2023-07-07,15,3yNJkriPzWjkkDAWHIAVUq,spotify:track:3yNJkriPzWjkkDAWHIAVUq,0.449,0.535,0.488,0.0,0.111,-8.261,0.0278,159.813,0.348,75,235803
15,Superman (Taylor’s Version),Speak Now (Taylor's Version),2023-07-07,16,4evLyY5Ue1Wesc61t2KXAU,spotify:track:4evLyY5Ue1Wesc61t2KXAU,0.0031,0.533,0.742,0.0,0.108,-3.473,0.0303,131.93,0.356,72,274945
16,Electric Touch (feat. Fall Out Boy) (Taylor’s Version) (From The Vault),Speak Now (Taylor's Version),2023-07-07,17,4e3ZNTAV6PCrdYMUrUlMpQ,spotify:track:4e3ZNTAV6PCrdYMUrUlMpQ,0.0164,0.547,0.855,0.0,0.144,-4.7,0.0597,131.073,0.282,79,266466
17,When Emma Falls in Love (Taylor’s Version) (From The Vault),Speak Now (Taylor's Version),2023-07-07,18,0zo975x58DlXbZllWvfYhg,spotify:track:0zo975x58DlXbZllWvfYhg,0.159,0.474,0.763,0.0,0.138,-4.632,0.0505,78.133,0.231,78,252385
18,I Can See You (Taylor’s Version) (From The Vault),Speak Now (Taylor's Version),2023-07-07,19,5kHMfzgLZP95O9NBy0ku4v,spotify:track:5kHMfzgLZP95O9NBy0ku4v,0.0586,0.694,0.764,0.0,0.0608,-4.893,0.0337,123.044,0.819,88,273186
19,Castles Crumbling (feat. Hayley Williams) (Taylor’s Version) (From The Vault),Speak Now (Taylor's Version),2023-07-07,20,4ABYxlb92WBIjHu7TIKmml,spotify:track:4ABYxlb92WBIjHu7TIKmml,0.362,0.576,0.57,0.0,0.0668,-7.925,0.0434,147.803,0.378,78,306062
20,Foolish One (Taylor’s Version) (From The Vault),Speak Now (Taylor's Version),2023-07-07,21,4s8BIKx4Zh6ryAEz8RTlaU,spotify:track:4s8BIKx4Zh6ryAEz8RTlaU,0.617,0.671,0.588,0.0,0.111,-4.675,0.0299,96.965,0.543,79,311765
21,Timeless (Taylor’s Version) (From The Vault),Speak Now (Taylor's Version),2023-07-07,22,1HCdems7PQZRj42QDWLA0A,spotify:track:1HCdems7PQZRj42QDWLA0A,0.3,0.624,0.585,0.0,0.0916,-5.847,0.0328,142.883,0.65,78,321396
22,Lavender Haze,Midnights (The Til Dawn Edition),2023-05-26,1,24emu3sabKISjRkrys28jq,spotify:track:24emu3sabKISjRkrys28jq,0.236,0.735,0.454,0.00113,0.133,-10.516,0.0876,97.043,0.0751,67,202395
23,Maroon,Midnights (The Til Dawn Edition),2023-05-26,2,6qxvy9Pe4RJIq5JBVbbwbS,spotify:track:6qxvy9Pe4RJIq5JBVbbwbS,0.0609,0.65,0.397,1.4e-06,0.089,-8.237,0.0365,108.055,0.0382,68,218270
24,Anti-Hero,Midnights (The Til Dawn Edition),2023-05-26,3,5qIHFdkW6phMsTZlN2g8Lc,spotify:track:5qIHFdkW6phMsTZlN2g8Lc,0.115,0.637,0.649,1.22e-06,0.147,-6.59,0.0584,96.935,0.497,67,200690
25,Snow On The Beach (feat. Lana Del Rey),Midnights (The Til Dawn Edition),2023-05-26,4,7GA86Uo2jYbj8vIXe2nyWd,spotify:track:7GA86Uo2jYbj8vIXe2nyWd,0.705,0.653,0.331,0.0013,0.116,-13.534,0.039,110.014,0.166,66,256124
26,"You're On Your Own, Kid",Midnights (The Til Dawn Edition),2023-05-26,5,6PQOU00xWNrGwCZzboriXy,spotify:track:6PQOU00xWNrGwCZzboriXy,0.423,0.694,0.386,1.05e-05,0.126,-10.312,0.0597,120.044,0.39,68,194206
27,Midnight Rain,Midnights (The Til Dawn Edition),2023-05-26,6,4eKMqf9ZMSclDX7V9Ptg7x,spotify:track:4eKMqf9ZMSclDX7V9Ptg7x,0.705,0.654,0.372,6.78e-05,0.114,-11.704,0.0667,140.15,0.198,67,174782
28,Question...?,Midnights (The Til Dawn Edition),2023-05-26,7,7oomkQSYf1ia2VnVEWfFIU,spotify:track:7oomkQSYf1ia2VnVEWfFIU,0.205,0.741,0.509,0.0,0.262,-8.747,0.19,108.978,0.113,66,210556
29,Vigilante Shit,Midnights (The Til Dawn Edition),2023-05-26,8,0GKDhq6ZbmSbRHd3eyGlB7,spotify:track:0GKDhq6ZbmSbRHd3eyGlB7,0.157,0.867,0.272,3.42e-05,0.118,-11.014,0.363,79.962,0.157,66,164801
30,Bejeweled,Midnights (The Til Dawn Edition),2023-05-26,9,0VpF6RLdCfPIeYRwMu4tZK,spotify:track:0VpF6RLdCfPIeYRwMu4tZK,0.0648,0.695,0.546,0.000128,0.0883,-9.184,0.066,164.0,0.425,67,194165
31,Labyrinth,Midnights (The Til Dawn Edition),2023-05-26,10,4bBDkw2KBMX0tcgAaXC83Q,spotify:track:4bBDkw2KBMX0tcgAaXC83Q,0.804,0.493,0.308,0.328,0.123,-15.489,0.0436,109.993,0.13,65,247962
32,Karma,Midnights (The Til Dawn Edition),2023-05-26,11,45R112Jz5hQeKgITXgSXzs,spotify:track:45R112Jz5hQeKgITXgSXzs,0.0782,0.647,0.614,0.0,0.611,-7.091,0.0651,90.034,0.0956,67,204852
33,Sweet Nothing,Midnights (The Til Dawn Edition),2023-05-26,12,2L09RYwH5Pjzca6PmbUAw3,spotify:track:2L09RYwH5Pjzca6PmbUAw3,0.967,0.335,0.166,0.00012,0.115,-14.958,0.048,175.917,0.391,65,188496
34,Mastermind,Midnights (The Til Dawn Edition),2023-05-26,13,1QQii3pa5m8MEda0nbkjfw,spotify:track:1QQii3pa5m8MEda0nbkjfw,0.545,0.661,0.345,0.000915,0.0871,-14.037,0.144,125.977,0.126,65,191039
35,The Great War,Midnights (The Til Dawn Edition),2023-05-26,14,2VuqMjgoKaOHNM8HpxtXKx,spotify:track:2VuqMjgoKaOHNM8HpxtXKx,0.203,0.573,0.737,2.78e-05,0.0851,-9.002,0.0352,96.009,0.592,66,240355
36,Bigger Than The Whole Sky,Midnights (The Til Dawn Edition),2023-05-26,15,71CBDRKmF2VeRKYMG1DFBh,spotify:track:71CBDRKmF2VeRKYMG1DFBh,0.837,0.48,0.22,0.00269,0.116,-12.469,0.0425,82.951,0.0633,64,218502
37,Paris,Midnights (The Til Dawn Edition),2023-05-26,16,5tWxKWq1DSP1s9WQ5PWuqu,spotify:track:5tWxKWq1DSP1s9WQ5PWuqu,0.116,0.691,0.498,3.07e-05,0.136,-10.519,0.101,110.963,0.454,64,196258
38,High Infidelity,Midnights (The Til Dawn Edition),2023-05-26,17,1SztNGCwEHJEVFx90E5g7D,spotify:track:1SztNGCwEHJEVFx90E5g7D,0.726,0.564,0.545,0.0,0.0878,-10.17,0.104,176.082,0.766,64,231475
39,Glitch,Midnights (The Til Dawn Edition),2023-05-26,18,7C0w28EsX0Um2FrZs9gso2,spotify:track:7C0w28EsX0Um2FrZs9gso2,0.318,0.677,0.451,0.0,0.11,-9.744,0.19,140.845,0.399,63,148781
40,"Would've, Could've, Should've",Midnights (The Til Dawn Edition),2023-05-26,19,4txojlesMFQZGWxwz2EeqB,spotify:track:4txojlesMFQZGWxwz2EeqB,0.435,0.482,0.837,0.00147,0.123,-6.501,0.12,157.96,0.534,66,260361
41,Dear Reader,Midnights (The Til Dawn Edition),2023-05-26,20,10GRRCR5fctuOF4GFmATJI,spotify:track:10GRRCR5fctuOF4GFmATJI,0.497,0.475,0.386,0.00104,0.119,-12.038,0.0737,107.601,0.162,63,225194
42,Hits Different,Midnights (The Til Dawn Edition),2023-05-26,21,3xYJScVfxByb61dYHTwiby,spotify:track:3xYJScVfxByb61dYHTwiby,0.148,0.672,0.782,4.73e-06,0.296,-6.499,0.0421,106.026,0.239,82,234466
43,Snow On The Beach (feat. More Lana Del Rey),Midnights (The Til Dawn Edition),2023-05-26,22,4zmKGsrXjLmljb5fTaBTot,spotify:track:4zmKGsrXjLmljb5fTaBTot,0.806,0.664,0.401,3.5e-06,0.108,-10.934,0.0344,109.846,0.315,82,229942
44,Karma (feat. Ice Spice),Midnights (The Til Dawn Edition),2023-05-26,23,4i6cwNY6oIUU2XZxPIw82Y,spotify:track:4i6cwNY6oIUU2XZxPIw82Y,0.0623,0.615,0.616,0.0,0.579,-6.523,0.0622,89.977,0.0734,75,201493
45,Lavender Haze,Midnights (3am Edition),2022-10-22,1,4g2c7NoTWAOSYDy44l9nub,spotify:track:4g2c7NoTWAOSYDy44l9nub,0.204,0.735,0.444,0.0012,0.17,-10.519,0.0684,97.038,0.0984,71,202395
46,Maroon,Midnights (3am Edition),2022-10-22,2,199E1RRrVmVTQqBXih5qRC,spotify:track:199E1RRrVmVTQqBXih5qRC,0.0593,0.658,0.378,0.0,0.0976,-8.3,0.0379,108.034,0.0382,69,218270
47,Anti-Hero,Midnights (3am Edition),2022-10-22,3,02Zkkf2zMkwRGQjZ7T4p8f,spotify:track:02Zkkf2zMkwRGQjZ7T4p8f,0.133,0.638,0.634,1.23e-06,0.152,-6.582,0.0457,96.953,0.519,71,200690
48,Snow On The Beach (feat. Lana Del Rey),Midnights (3am Edition),2022-10-22,4,6ADDIJxxqzM9LMpm78yzQG,spotify:track:6ADDIJxxqzM9LMpm78yzQG,0.735,0.659,0.323,0.00321,0.116,-13.425,0.0436,110.007,0.154,68,256124
49,"You're On Your Own, Kid",Midnights (3am Edition),2022-10-22,5,7gVWKBcfIW93YxNBi3ApIE,spotify:track:7gVWKBcfIW93YxNBi3ApIE,0.416,0.694,0.38,8.47e-06,0.126,-10.307,0.0614,120.044,0.376,70,194206
50,Midnight Rain,Midnights (3am Edition),2022-10-22,6,6Nl7KyvjkFncGsjB49SxLl,spotify:track:6Nl7KyvjkFncGsjB49SxLl,0.71,0.636,0.377,6.51e-05,0.115,-11.721,0.0708,139.966,0.23,71,174782
51,Question...?,Midnights (3am Edition),2022-10-22,7,6C7OF1Jal7YkyjzyUG8vkK,spotify:track:6C7OF1Jal7YkyjzyUG8vkK,0.226,0.751,0.502,0.0,0.297,-8.777,0.162,108.989,0.112,67,210556
52,Vigilante Shit,Midnights (3am Edition),2022-10-22,8,5yeuXkukVGuix3vmLu2BPJ,spotify:track:5yeuXkukVGuix3vmLu2BPJ,0.16,0.87,0.279,1.74e-05,0.121,-11.134,0.364,79.996,0.16,69,164801
53,Bejeweled,Midnights (3am Edition),2022-10-22,9,0jvo9CjnbR0lYUDTSNTMiu,spotify:track:0jvo9CjnbR0lYUDTSNTMiu,0.0661,0.7,0.55,0.000102,0.091,-9.13,0.0653,164.003,0.412,71,194165
54,Labyrinth,Midnights (3am Edition),2022-10-22,10,43q586vP8gGkYypKoSddhl,spotify:track:43q586vP8gGkYypKoSddhl,0.791,0.487,0.313,0.348,0.124,-15.434,0.0487,110.039,0.141,66,247962
55,Karma,Midnights (3am Edition),2022-10-22,11,5oqDgw5VGBln5dSIOPWyBq,spotify:track:5oqDgw5VGBln5dSIOPWyBq,0.074,0.649,0.622,0.0,0.594,-7.054,0.0582,90.024,0.106,74,204852
56,Sweet Nothing,Midnights (3am Edition),2022-10-22,12,3zmwONxswBAzGwExPugSLN,spotify:track:3zmwONxswBAzGwExPugSLN,0.967,0.334,0.161,4.71e-05,0.115,-14.875,0.0506,176.747,0.396,68,188496
57,Mastermind,Midnights (3am Edition),2022-10-22,13,56hioFjQ0DXrdn04hZcFgG,spotify:track:56hioFjQ0DXrdn04hZcFgG,0.571,0.661,0.352,0.00147,0.0884,-14.077,0.117,125.934,0.13,72,191039
58,The Great War,Midnights (3am Edition),2022-10-22,14,3UMrglJeju5yWyYIW6o99b,spotify:track:3UMrglJeju5yWyYIW6o99b,0.219,0.573,0.741,2.23e-05,0.0842,-8.987,0.0353,96.016,0.554,78,240355
59,Bigger Than The Whole Sky,Midnights (3am Edition),2022-10-22,15,0BiqmkasE5FdrChwKfVp8X,spotify:track:0BiqmkasE5FdrChwKfVp8X,0.826,0.422,0.235,0.00648,0.115,-12.379,0.0568,165.71,0.068,73,218502
60,Paris,Midnights (3am Edition),2022-10-22,16,7712gjoih4QoDbXpljEk21,spotify:track:7712gjoih4QoDbXpljEk21,0.112,0.7,0.509,3.27e-05,0.137,-10.547,0.0789,110.947,0.345,72,196258
61,High Infidelity,Midnights (3am Edition),2022-10-22,17,5kiZGSxgqPdv6rbqL9THdd,spotify:track:5kiZGSxgqPdv6rbqL9THdd,0.723,0.646,0.529,0.0,0.0885,-10.179,0.0864,87.862,0.755,71,231475
62,Glitch,Midnights (3am Edition),2022-10-22,18,6wAFvJPpTZVirBKGZ4EnMW,spotify:track:6wAFvJPpTZVirBKGZ4EnMW,0.361,0.675,0.466,0.0,0.11,-9.738,0.201,140.864,0.347,70,148781
63,"Would've, Could've, Should've",Midnights (3am Edition),2022-10-22,19,0aV5uARAknQgYhBaK944FP,spotify:track:0aV5uARAknQgYhBaK944FP,0.43,0.483,0.84,0.000575,0.146,-6.508,0.119,157.979,0.55,75,260361
64,Dear Reader,Midnights (3am Edition),2022-10-22,20,3QF5RsWzK1lCvf2o2cY65P,spotify:track:3QF5RsWzK1lCvf2o2cY65P,0.481,0.562,0.388,0.00145,0.117,-12.088,0.0705,107.747,0.159,70,225194
65,Lavender Haze,Midnights,2022-10-21,1,5jQI2r1RdgtuT8S3iG8zFC,spotify:track:5jQI2r1RdgtuT8S3iG8zFC,0.258,0.733,0.436,0.000573,0.157,-10.489,0.08,96.985,0.0976,84,202395
66,Maroon,Midnights,2022-10-21,2,3eX0NZfLtGzoLUxPNvRfqm,spotify:track:3eX0NZfLtGzoLUxPNvRfqm,0.0573,0.637,0.398,1.03e-06,0.101,-8.294,0.0564,108.075,0.0374,80,218270
67,Anti-Hero,Midnights,2022-10-21,3,0V3wPSX9ygBnCm8psDIegu,spotify:track:0V3wPSX9ygBnCm8psDIegu,0.13,0.637,0.643,1.8e-06,0.142,-6.571,0.0519,97.008,0.533,92,200690
68,Snow On The Beach (feat. Lana Del Rey),Midnights,2022-10-21,4,1wtOxkiel43cVs0Yux5Q4h,spotify:track:1wtOxkiel43cVs0Yux5Q4h,0.69,0.663,0.319,0.000993,0.117,-13.481,0.0375,109.957,0.193,78,256124
69,"You're On Your Own, Kid",Midnights,2022-10-21,5,4D7BCuvgdJlYvlX5WlN54t,spotify:track:4D7BCuvgdJlYvlX5WlN54t,0.401,0.696,0.396,5.2e-06,0.125,-10.289,0.0656,120.041,0.38,83,194206
70,Midnight Rain,Midnights,2022-10-21,6,3rWDp9tBPQR9z6U5YyRSK4,spotify:track:3rWDp9tBPQR9z6U5YyRSK4,0.69,0.643,0.363,5.17e-05,0.115,-11.738,0.0767,139.865,0.23,84,174782
71,Question...?,Midnights,2022-10-21,7,0heeNYlwOGuUSe7TgUD27B,spotify:track:0heeNYlwOGuUSe7TgUD27B,0.2,0.751,0.502,0.0,0.296,-8.763,0.167,108.943,0.106,74,210556
72,Vigilante Shit,Midnights,2022-10-21,8,1xwAWUI6Dj0WGC3KiUPN0O,spotify:track:1xwAWUI6Dj0WGC3KiUPN0O,0.173,0.798,0.277,5.25e-05,0.121,-11.096,0.39,79.846,0.163,80,164801
73,Bejeweled,Midnights,2022-10-21,9,3qoftcUZaUOncvIYjFSPdE,spotify:track:3qoftcUZaUOncvIYjFSPdE,0.0618,0.696,0.559,5.58e-05,0.0887,-9.19,0.0693,163.999,0.433,83,194165
74,Labyrinth,Midnights,2022-10-21,10,0A1JLUlkZkp2EFrosoNQi0,spotify:track:0A1JLUlkZkp2EFrosoNQi0,0.785,0.406,0.306,0.488,0.122,-15.48,0.0517,110.014,0.122,74,247962
75,Karma,Midnights,2022-10-21,11,7KokYm8cMIXCsGVmUvKtqf,spotify:track:7KokYm8cMIXCsGVmUvKtqf,0.0734,0.642,0.62,0.0,0.483,-7.091,0.0666,90.02,0.0969,88,204852
76,Sweet Nothing,Midnights,2022-10-21,12,0wavGRldH0AWyu2zvTz8zb,spotify:track:0wavGRldH0AWyu2zvTz8zb,0.964,0.337,0.156,7.72e-05,0.115,-14.919,0.0518,176.655,0.39,76,188496
77,Mastermind,Midnights,2022-10-21,13,7FmYn9e7KHMXcxqGSj9LjH,spotify:track:7FmYn9e7KHMXcxqGSj9LjH,0.553,0.662,0.357,0.00129,0.0837,-14.064,0.154,125.966,0.124,77,191039
78,State Of Grace (Taylor's Version),Red (Taylor's Version),2021-11-12,1,6lzc0Al0zfZOIFsFvBS1ki,spotify:track:6lzc0Al0zfZOIFsFvBS1ki,0.000328,0.594,0.713,0.0,0.114,-5.314,0.0503,129.958,0.328,71,295413
79,Red (Taylor's Version),Red (Taylor's Version),2021-11-12,2,4OAuvHryIVv4kMDNSLuPt6,spotify:track:4OAuvHryIVv4kMDNSLuPt6,0.00108,0.516,0.777,1.62e-06,0.0761,-4.908,0.0375,125.047,0.408,80,223093
80,Treacherous (Taylor's Version),Red (Taylor's Version),2021-11-12,3,3S7HNKPakdwNEBFIVTL6dZ,spotify:track:3S7HNKPakdwNEBFIVTL6dZ,0.0344,0.645,0.593,0.000127,0.13,-6.506,0.0288,109.984,0.299,72,242720
81,I Knew You Were Trouble (Taylor's Version),Red (Taylor's Version),2021-11-12,4,6AtZLIzUINvExIUy4QhdjP,spotify:track:6AtZLIzUINvExIUy4QhdjP,0.0129,0.584,0.557,0.0,0.0576,-6.371,0.0342,154.008,0.767,79,219760
82,All Too Well (Taylor's Version),Red (Taylor's Version),2021-11-12,5,3nsfB1vus2qaloUdcBZvDu,spotify:track:3nsfB1vus2qaloUdcBZvDu,0.0171,0.44,0.528,0.00203,0.234,-7.809,0.0317,185.972,0.132,77,329160
83,22 (Taylor's Version),Red (Taylor's Version),2021-11-12,6,3yII7UwgLF6K5zW3xad3MP,spotify:track:3yII7UwgLF6K5zW3xad3MP,0.000443,0.642,0.695,1.02e-05,0.0753,-5.62,0.0281,103.984,0.642,78,230960
84,I Almost Do (Taylor's Version),Red (Taylor's Version),2021-11-12,7,2r9CbjYgFhtAmcFv1cSquB,spotify:track:2r9CbjYgFhtAmcFv1cSquB,0.0167,0.511,0.559,0.0,0.113,-6.587,0.0264,145.88,0.248,70,244586
85,We Are Never Ever Getting Back Together (Taylor's Version),Red (Taylor's Version),2021-11-12,8,5YqltLsjdqFtvqE7Nrysvs,spotify:track:5YqltLsjdqFtvqE7Nrysvs,0.0317,0.567,0.686,1.86e-06,0.0732,-6.139,0.175,172.014,0.716,80,193146
86,Stay Stay Stay (Taylor's Version),Red (Taylor's Version),2021-11-12,9,7eQj6r5PIdYKEIZjucBMcq,spotify:track:7eQj6r5PIdYKEIZjucBMcq,0.0848,0.693,0.681,0.0,0.0768,-7.039,0.025,100.02,0.663,70,205786
87,The Last Time (feat. Gary Lightbody of Snow Patrol) (Taylor’s Version),Red (Taylor's Version),2021-11-12,10,0y6kdSRCVQhSsHSpWvTUm7,spotify:track:0y6kdSRCVQhSsHSpWvTUm7,0.0399,0.502,0.534,0.0,0.0977,-5.954,0.0278,94.05,0.155,73,299080
88,Holy Ground (Taylor's Version),Red (Taylor's Version),2021-11-12,11,7J4b3LVCIGO4CMBDFLPoP6,spotify:track:7J4b3LVCIGO4CMBDFLPoP6,0.0288,0.622,0.809,0.00218,0.109,-5.623,0.0638,156.894,0.511,70,202960
89,Sad Beautiful Tragic (Taylor's Version),Red (Taylor's Version),2021-11-12,12,73qMN9bXy7MSPwwGfH3wQr,spotify:track:73qMN9bXy7MSPwwGfH3wQr,0.622,0.601,0.406,9.19e-05,0.133,-11.827,0.0275,130.059,0.232,71,284773
90,The Lucky One (Taylor's Version),Red (Taylor's Version),2021-11-12,13,4e5ayHsOLJNLTGfjau2mEw,spotify:track:4e5ayHsOLJNLTGfjau2mEw,0.066,0.686,0.571,0.0,0.0608,-7.138,0.05,117.889,0.538,69,240466
91,Everything Has Changed (feat. Ed Sheeran) (Taylor’s Version),Red (Taylor's Version),2021-11-12,14,7qEUFOVcxRI19tbT68JcYK,spotify:track:7qEUFOVcxRI19tbT68JcYK,0.271,0.498,0.61,0.0,0.223,-5.098,0.0363,79.918,0.474,75,245426
92,Starlight (Taylor's Version),Red (Taylor's Version),2021-11-12,15,7A2cNLRT0YJc1yjxHlKihs,spotify:track:7A2cNLRT0YJc1yjxHlKihs,0.00324,0.628,0.685,0.0,0.18,-5.864,0.0358,126.014,0.605,69,220413
93,Begin Again (Taylor's Version),Red (Taylor's Version),2021-11-12,16,05GsNucq8Bngd9fnd4fRa0,spotify:track:05GsNucq8Bngd9fnd4fRa0,0.075,0.519,0.527,0.0,0.132,-7.673,0.0274,78.915,0.267,72,238866
94,The Moment I Knew (Taylor's Version),Red (Taylor's Version),2021-11-12,17,0NRHj8hDwwmSPaA41o379r,spotify:track:0NRHj8hDwwmSPaA41o379r,0.0494,0.636,0.402,0.0,0.107,-7.855,0.031,125.952,0.208,69,285280
95,Come Back...Be Here (Taylor's Version),Red (Taylor's Version),2021-11-12,18,4pNApnaUWAL2J4KO2eqokq,spotify:track:4pNApnaUWAL2J4KO2eqokq,0.0158,0.46,0.632,0.0,0.0822,-6.031,0.0302,79.846,0.399,72,223333
96,Girl At Home (Taylor's Version),Red (Taylor's Version),2021-11-12,19,0DMVrlMUn01M0IcpDbwgu7,spotify:track:0DMVrlMUn01M0IcpDbwgu7,0.00955,0.691,0.736,1.88e-05,0.101,-6.974,0.0326,125.089,0.612,67,220520
97,State Of Grace (Acoustic Version) (Taylor's Version),Red (Taylor's Version),2021-11-12,20,5jAIouBES8LWMiriuNq170,spotify:track:5jAIouBES8LWMiriuNq170,0.663,0.445,0.131,1.57e-06,0.108,-13.778,0.0564,208.918,0.101,66,321640
98,Ronan (Taylor's Version),Red (Taylor's Version),2021-11-12,21,7nWui6jiMM2m9qFmET1Mtj,spotify:track:7nWui6jiMM2m9qFmET1Mtj,0.661,0.623,0.279,0.0,0.193,-10.802,0.031,116.04,0.38,64,264253
99,Better Man (Taylor's Version) (From The Vault),Red (Taylor's Version),2021-11-12,22,4OmFmE0fzcMG6g0Y8p4eSD,spotify:track:4OmFmE0fzcMG6g0Y8p4eSD,0.214,0.473,0.579,0.0,0.0877,-5.824,0.0384,73.942,0.255,72,297013
100,Nothing New (feat. Phoebe Bridgers) (Taylor’s Version) (From The Vault),Red (Taylor's Version),2021-11-12,23,01K4zKU104LyJ8gMb7227B,spotify:track:01K4zKU104LyJ8gMb7227B,0.817,0.606,0.377,0.0,0.154,-9.455,0.0275,101.96,0.446,76,258812
101,Babe (Taylor's Version) (From The Vault),Red (Taylor's Version),2021-11-12,24,0v4z1tuZvn6LGknom9Qx7d,spotify:track:0v4z1tuZvn6LGknom9Qx7d,0.0538,0.584,0.743,2.83e-06,0.121,-7.075,0.0931,167.844,0.746,73,224240
102,Message In A Bottle (Taylor's Version) (From The Vault),Red (Taylor's Version),2021-11-12,25,3z6XUommYDWPHeFhmhhT6j,spotify:track:3z6XUommYDWPHeFhmhhT6j,0.00188,0.622,0.791,3.72e-06,0.083,-6.106,0.0535,115.915,0.494,74,225960
103,I Bet You Think About Me (feat. Chris Stapleton) (Taylor’s Version) (From The Vault),Red (Taylor's Version),2021-11-12,26,4CkgMiMqZ5JzW9iYXSTMTL,spotify:track:4CkgMiMqZ5JzW9iYXSTMTL,0.167,0.391,0.715,0.0,0.183,-4.516,0.0495,149.654,0.473,76,285106
104,Forever Winter (Taylor's Version) (From The Vault),Red (Taylor's Version),2021-11-12,27,3oGVx9RBmiYGv5ZCecWLkx,spotify:track:3oGVx9RBmiYGv5ZCecWLkx,0.256,0.611,0.552,0.0,0.134,-5.828,0.031,116.012,0.41,68,263533
105,Run (feat. Ed Sheeran) (Taylor’s Version) (From The Vault),Red (Taylor's Version),2021-11-12,28,4IQkfUsrwXol38VV3U7t7T,spotify:track:4IQkfUsrwXol38VV3U7t7T,0.817,0.61,0.488,0.0,0.312,-6.918,0.0293,125.039,0.443,70,240226
106,The Very First Night (Taylor's Version) (From The Vault),Red (Taylor's Version),2021-11-12,29,6pYNq0ZwpPVazKzsqpf0G8,spotify:track:6pYNq0ZwpPVazKzsqpf0G8,0.00115,0.678,0.733,0.0,0.104,-5.025,0.0281,121.009,0.581,75,200280
107,All Too Well (10 Minute Version) (Taylor's Version) (From The Vault),Red (Taylor's Version),2021-11-12,30,5enxwA8aAbwZbf5qCHORXi,spotify:track:5enxwA8aAbwZbf5qCHORXi,0.274,0.631,0.518,0.0,0.088,-8.771,0.0303,93.023,0.205,85,613026
108,Fearless (Taylor’s Version),Fearless (Taylor's Version),2021-04-09,1,77sMIMlNaSURUAXq5coCxE,spotify:track:77sMIMlNaSURUAXq5coCxE,0.0122,0.569,0.741,0.0,0.333,-4.963,0.0282,100.118,0.43,84,241591
109,Fifteen (Taylor’s Version),Fearless (Taylor's Version),2021-04-09,2,2nqio0SfWg6gh2eCtfuMa5,spotify:track:2nqio0SfWg6gh2eCtfuMa5,0.116,0.559,0.646,0.0,0.32,-4.61,0.0272,95.466,0.289,72,294419
110,Love Story (Taylor’s Version),Fearless (Taylor's Version),2021-04-09,3,6YvqWjhGD8mB5QXcbcUKtx,spotify:track:6YvqWjhGD8mB5QXcbcUKtx,0.13,0.627,0.792,3.97e-06,0.0845,-4.311,0.031,119.054,0.415,81,235766
111,Hey Stephen (Taylor’s Version),Fearless (Taylor's Version),2021-04-09,4,550erGcdD9n6PnwxrvYqZT,spotify:track:550erGcdD9n6PnwxrvYqZT,0.106,0.788,0.571,0.0,0.0934,-6.135,0.0296,115.99,0.797,71,254254
112,White Horse (Taylor’s Version),Fearless (Taylor's Version),2021-04-09,5,5YL553x8sHderRBDlm3NM3,spotify:track:5YL553x8sHderRBDlm3NM3,0.369,0.423,0.517,0.0,0.177,-7.377,0.0486,185.262,0.366,71,234515
113,You Belong With Me (Taylor’s Version),Fearless (Taylor's Version),2021-04-09,6,1qrpoAMXodY6895hGKoUpA,spotify:track:1qrpoAMXodY6895hGKoUpA,0.0623,0.632,0.773,0.0,0.0885,-4.856,0.0346,130.033,0.474,85,231124
114,Breathe (feat. Colbie Caillat) (Taylor’s Version),Fearless (Taylor's Version),2021-04-09,7,7HC7R2D8WjXVcUHJyEGjRs,spotify:track:7HC7R2D8WjXVcUHJyEGjRs,0.156,0.506,0.626,0.0,0.228,-6.066,0.0287,148.035,0.321,68,263377
115,Tell Me Why (Taylor’s Version),Fearless (Taylor's Version),2021-04-09,8,0k0vFacOHNuArLWMiH60p7,spotify:track:0k0vFacOHNuArLWMiH60p7,0.0222,0.578,0.909,0.0,0.333,-3.669,0.0628,100.023,0.541,67,200575
116,You’re Not Sorry (Taylor’s Version),Fearless (Taylor's Version),2021-04-09,9,6iiAfo4wTA2CVC3Uwx9uh8,spotify:track:6iiAfo4wTA2CVC3Uwx9uh8,0.0538,0.506,0.444,0.0,0.123,-4.99,0.0285,133.873,0.241,69,261842
117,The Way I Loved You (Taylor’s Version),Fearless (Taylor's Version),2021-04-09,10,22bPsP2jCgbLUvh82U0Z3M,spotify:track:22bPsP2jCgbLUvh82U0Z3M,0.0033,0.402,0.732,0.0,0.108,-4.665,0.0484,161.032,0.472,83,243136
118,Forever & Always (Taylor’s Version),Fearless (Taylor's Version),2021-04-09,11,1msEuwSBneBKpVCZQcFTsU,spotify:track:1msEuwSBneBKpVCZQcFTsU,0.0231,0.598,0.821,0.0,0.143,-4.433,0.0447,128.03,0.673,73,225328
119,The Best Day (Taylor’s Version),Fearless (Taylor's Version),2021-04-09,12,6ON9UuIq49xXY9GPmHIYRp,spotify:track:6ON9UuIq49xXY9GPmHIYRp,0.488,0.642,0.576,0.0,0.159,-8.524,0.0282,125.0,0.469,66,245290
120,Change (Taylor’s Version),Fearless (Taylor's Version),2021-04-09,13,3ExweHKZF9B752DPQByRVT,spotify:track:3ExweHKZF9B752DPQByRVT,0.000191,0.499,0.815,0.0,0.181,-4.063,0.0341,95.999,0.344,65,279359
121,Jump Then Fall (Taylor’s Version),Fearless (Taylor's Version),2021-04-09,14,2m3ObD945KvpE5y9A1eUWm,spotify:track:2m3ObD945KvpE5y9A1eUWm,0.0474,0.572,0.69,0.0,0.0897,-6.201,0.0358,160.111,0.624,67,237580
122,Untouchable (Taylor’s Version),Fearless (Taylor's Version),2021-04-09,15,0tQ9vBYpldCuikPsbgOVKA,spotify:track:0tQ9vBYpldCuikPsbgOVKA,0.0181,0.393,0.531,0.0,0.169,-6.112,0.0329,200.391,0.224,67,312107
123,Forever & Always (Piano Version) (Taylor’s Version),Fearless (Taylor's Version),2021-04-09,16,01QdEx6kFr78ZejhQtWR5m,spotify:track:01QdEx6kFr78ZejhQtWR5m,0.819,0.546,0.273,0.0,0.137,-9.208,0.0308,118.753,0.271,66,267833
124,Come In With The Rain (Taylor’s Version),Fearless (Taylor's Version),2021-04-09,17,1n2wszmJyVkw6FHqyLnQsY,spotify:track:1n2wszmJyVkw6FHqyLnQsY,0.0406,0.476,0.564,0.0,0.102,-5.677,0.0269,143.929,0.167,64,237338
125,Superstar (Taylor’s Version),Fearless (Taylor's Version),2021-04-09,18,51A8eKvvZz9uydvIZ7xRSV,spotify:track:51A8eKvvZz9uydvIZ7xRSV,0.157,0.454,0.555,0.0,0.343,-6.69,0.0283,171.862,0.171,63,263865
126,The Other Side Of The Door (Taylor’s Version),Fearless (Taylor's Version),2021-04-09,19,1cSFlSBdpT4F5vb1frQ231,spotify:track:1cSFlSBdpT4F5vb1frQ231,0.0279,0.432,0.873,0.0,0.167,-4.367,0.0577,163.936,0.629,69,238443
127,Today Was A Fairytale (Taylor’s Version),Fearless (Taylor's Version),2021-04-09,20,2JoJrsEV15OzbijS47lids,spotify:track:2JoJrsEV15OzbijS47lids,0.0135,0.482,0.779,0.0,0.296,-5.025,0.0409,158.162,0.328,67,241822
128,You All Over Me (feat. Maren Morris) (Taylor’s Version) (From The Vault),Fearless (Taylor's Version),2021-04-09,21,4CHpVfAhuxNJ3ibExe6kxO,spotify:track:4CHpVfAhuxNJ3ibExe6kxO,0.816,0.599,0.494,0.0,0.101,-7.61,0.0372,142.893,0.44,64,220839
129,Mr. Perfectly Fine (Taylor’s Version) (From The Vault),Fearless (Taylor's Version),2021-04-09,22,2CYVETnhM9aytqrazYYwrK,spotify:track:2CYVETnhM9aytqrazYYwrK,0.162,0.66,0.817,0.0,0.0667,-6.269,0.0521,135.942,0.714,77,277591
130,We Were Happy (Taylor’s Version) (From The Vault),Fearless (Taylor's Version),2021-04-09,23,34V9RiEPe8MNdU32qJsJa1,spotify:track:34V9RiEPe8MNdU32qJsJa1,0.849,0.609,0.373,0.0,0.0779,-8.819,0.0263,106.007,0.13,67,244236
131,That’s When (feat. Keith Urban) (Taylor’s Version) (From The Vault),Fearless (Taylor's Version),2021-04-09,24,7eResoqEJJAVTkQYSqvO3P,spotify:track:7eResoqEJJAVTkQYSqvO3P,0.225,0.588,0.608,0.0,0.092,-7.062,0.0365,90.201,0.508,68,189495
132,Don’t You (Taylor’s Version) (From The Vault),Fearless (Taylor's Version),2021-04-09,25,4uuEGH5SVuzkkSFjo2DEiY,spotify:track:4uuEGH5SVuzkkSFjo2DEiY,0.514,0.563,0.473,1.2e-05,0.109,-11.548,0.0503,101.934,0.405,68,208608
133,Bye Bye Baby (Taylor’s Version) (From The Vault),Fearless (Taylor's Version),2021-04-09,26,4qUijfYU8EoIWiY6oSyrgT,spotify:track:4qUijfYU8EoIWiY6oSyrgT,0.334,0.624,0.624,0.0,0.0995,-7.86,0.0539,80.132,0.527,66,242157
134,willow,evermore (deluxe version),2021-01-07,1,2gVhfX2Gy1T9kDuS9azrF7,spotify:track:2gVhfX2Gy1T9kDuS9azrF7,0.833,0.392,0.574,0.00179,0.145,-9.195,0.17,81.112,0.529,73,214706
135,champagne problems,evermore (deluxe version),2021-01-07,2,1gcyHQpBQ1lfXGdhZmWrHP,spotify:track:1gcyHQpBQ1lfXGdhZmWrHP,0.92,0.462,0.24,0.0,0.113,-12.077,0.0377,171.319,0.32,73,244000
136,gold rush,evermore (deluxe version),2021-01-07,3,3Dby3p1m6IOZn2gIIqECgK,spotify:track:3Dby3p1m6IOZn2gIIqECgK,0.83,0.512,0.462,0.166,0.121,-10.491,0.0408,112.05,0.353,71,185320
137,‘tis the damn season,evermore (deluxe version),2021-01-07,4,6sQckd3Z8NPxVVKUnavY1F,spotify:track:6sQckd3Z8NPxVVKUnavY1F,0.735,0.575,0.434,6.59e-05,0.105,-8.193,0.0312,145.916,0.348,72,229840
138,tolerate it,evermore (deluxe version),2021-01-07,5,6lCvK2AR2uOKkVFCVlAzzm,spotify:track:6lCvK2AR2uOKkVFCVlAzzm,0.878,0.316,0.361,2.67e-05,0.0797,-10.381,0.0488,74.952,0.221,71,245440
139,"no body, no crime (feat. HAIM)",evermore (deluxe version),2021-01-07,6,6uwfVkaOM1mcMkFmSn35ix,spotify:track:6uwfVkaOM1mcMkFmSn35ix,0.418,0.546,0.613,0.0,0.103,-7.589,0.0264,79.015,0.535,71,215626
140,happiness,evermore (deluxe version),2021-01-07,7,55Vf4bimc1Rtfg0PAQRAo2,spotify:track:55Vf4bimc1Rtfg0PAQRAo2,0.87,0.559,0.334,0.0,0.114,-10.733,0.0376,122.079,0.211,69,315146
141,dorothea,evermore (deluxe version),2021-01-07,8,66tOfHVH3aUrscg8vExRV4,spotify:track:66tOfHVH3aUrscg8vExRV4,0.696,0.605,0.488,0.0,0.129,-8.322,0.0264,119.966,0.354,69,225880
142,coney island (feat. The National),evermore (deluxe version),2021-01-07,9,2awNGIJHodfLZSClB3PYhz,spotify:track:2awNGIJHodfLZSClB3PYhz,0.819,0.537,0.537,0.000904,0.142,-11.266,0.0617,107.895,0.292,69,275320
143,ivy,evermore (deluxe version),2021-01-07,10,43Ykum9T72UOPhBN31grpN,spotify:track:43Ykum9T72UOPhBN31grpN,0.855,0.515,0.545,1.97e-05,0.0921,-9.277,0.0353,88.856,0.535,70,260440
144,cowboy like me,evermore (deluxe version),2021-01-07,11,52OkpDsU6MmPx1AwGOb6Ap,spotify:track:52OkpDsU6MmPx1AwGOb6Ap,0.768,0.604,0.517,0.000155,0.123,-9.014,0.0347,127.967,0.511,69,275040
145,long story short,evermore (deluxe version),2021-01-07,12,5VYWxXUpxuxEmCqMLDqICo,spotify:track:5VYWxXUpxuxEmCqMLDqICo,0.66,0.546,0.73,0.179,0.0972,-7.704,0.0417,157.895,0.573,69,215920
146,marjorie,evermore (deluxe version),2021-01-07,13,5uICWmZTLkpEVbK22PBP6e,spotify:track:5uICWmZTLkpEVbK22PBP6e,0.876,0.535,0.561,0.000136,0.115,-11.609,0.0484,96.103,0.287,69,257773
147,closure,evermore (deluxe version),2021-01-07,14,6a8aUhYbaQBUI8PcJ5ZmQ6,spotify:track:6a8aUhYbaQBUI8PcJ5ZmQ6,0.835,0.689,0.704,4.83e-06,0.134,-10.813,0.245,151.884,0.92,67,180653
148,evermore (feat. Bon Iver),evermore (deluxe version),2021-01-07,15,6Wlq9rqkxrqj5Kls4Kw14H,spotify:track:6Wlq9rqkxrqj5Kls4Kw14H,0.937,0.39,0.27,0.00227,0.111,-10.673,0.0308,125.177,0.32,70,304106
149,right where you left me - bonus track,evermore (deluxe version),2021-01-07,16,3zwMVvkBe2qIKDObWgXw4N,spotify:track:3zwMVvkBe2qIKDObWgXw4N,0.769,0.581,0.619,0.000106,0.117,-6.524,0.0282,137.915,0.645,81,245026
150,it’s time to go - bonus track,evermore (deluxe version),2021-01-07,17,1kdWw77ZpYOkhxeuhzU1j6,spotify:track:1kdWw77ZpYOkhxeuhzU1j6,0.801,0.592,0.41,1.39e-05,0.09,-12.426,0.0397,151.923,0.416,72,254640
151,willow,evermore,2020-12-11,1,0lx2cLdOt3piJbcaXIV74f,spotify:track:0lx2cLdOt3piJbcaXIV74f,0.833,0.392,0.574,0.00179,0.145,-9.195,0.17,81.112,0.529,80,214706
152,champagne problems,evermore,2020-12-11,2,0sY6ZUTh4yoctD8VIXz339,spotify:track:0sY6ZUTh4yoctD8VIXz339,0.92,0.462,0.24,0.0,0.113,-12.077,0.0377,171.319,0.32,81,244000
153,gold rush,evermore,2020-12-11,3,5BK0uqwY9DNfZ630STAEaq,spotify:track:5BK0uqwY9DNfZ630STAEaq,0.83,0.512,0.462,0.166,0.121,-10.491,0.0408,112.05,0.353,74,185320
154,‘tis the damn season,evermore,2020-12-11,4,7dW84mWkdWE5a6lFWxJCBG,spotify:track:7dW84mWkdWE5a6lFWxJCBG,0.735,0.575,0.434,6.59e-05,0.105,-8.193,0.0312,145.916,0.348,74,229840
155,tolerate it,evermore,2020-12-11,5,0PurA4JVJ8YQgSVopY8fn6,spotify:track:0PurA4JVJ8YQgSVopY8fn6,0.878,0.316,0.361,2.67e-05,0.0797,-10.381,0.0488,74.952,0.221,76,245440
156,"no body, no crime (feat. HAIM)",evermore,2020-12-11,6,3RaT22zZsxVYxxKR7TAaYF,spotify:track:3RaT22zZsxVYxxKR7TAaYF,0.418,0.546,0.613,0.0,0.103,-7.589,0.0264,79.015,0.535,72,215626
157,happiness,evermore,2020-12-11,7,73YUReisjb3A9ActdLLjJQ,spotify:track:73YUReisjb3A9ActdLLjJQ,0.87,0.559,0.334,0.0,0.114,-10.733,0.0376,122.079,0.211,69,315146
158,dorothea,evermore,2020-12-11,8,670fUmXf4KQekzbEgaXyPA,spotify:track:670fUmXf4KQekzbEgaXyPA,0.696,0.605,0.488,0.0,0.129,-8.322,0.0264,119.966,0.354,68,225880
159,coney island (feat. The National),evermore,2020-12-11,9,3k7ne7VmH43ZPWxPdvPUgR,spotify:track:3k7ne7VmH43ZPWxPdvPUgR,0.819,0.537,0.537,0.000904,0.142,-11.266,0.0617,107.895,0.292,67,275320
160,ivy,evermore,2020-12-11,10,19CSr8rwW05VJL2F91KFNK,spotify:track:19CSr8rwW05VJL2F91KFNK,0.855,0.515,0.545,1.97e-05,0.0921,-9.277,0.0353,88.856,0.535,72,260440
161,cowboy like me,evermore,2020-12-11,11,1XjHRolIXL2M1EEOUsGGR4,spotify:track:1XjHRolIXL2M1EEOUsGGR4,0.768,0.604,0.517,0.000155,0.123,-9.014,0.0347,127.967,0.511,71,275040
162,long story short,evermore,2020-12-11,12,2o2sgVJIgFXk8GQjWTgI6U,spotify:track:2o2sgVJIgFXk8GQjWTgI6U,0.66,0.546,0.73,0.179,0.0972,-7.704,0.0417,157.895,0.573,68,215920
163,marjorie,evermore,2020-12-11,13,12ntTeqEeTg7GAVpe8Mhpl,spotify:track:12ntTeqEeTg7GAVpe8Mhpl,0.876,0.535,0.561,0.000136,0.115,-11.609,0.0484,96.103,0.287,73,257773
164,closure,evermore,2020-12-11,14,35rdVq36LMHQX0Suw9a6tK,spotify:track:35rdVq36LMHQX0Suw9a6tK,0.835,0.689,0.704,4.83e-06,0.134,-10.813,0.245,151.884,0.92,65,180653
165,evermore (feat. Bon Iver),evermore,2020-12-11,15,3O5osWf1rSoKMwe6E9ZaXP,spotify:track:3O5osWf1rSoKMwe6E9ZaXP,0.937,0.39,0.27,0.00227,0.111,-10.673,0.0308,125.177,0.32,69,304106
166,the 1,folklore: the long pond studio sessions (from the Disney+ special) [deluxe edition],2020-11-25,1,0P9wLFurlgumLXuqFEpw52,spotify:track:0P9wLFurlgumLXuqFEpw52,0.75,0.78,0.361,7.14e-06,0.108,-6.942,0.048,139.902,0.163,54,210240
167,cardigan,folklore: the long pond studio sessions (from the Disney+ special) [deluxe edition],2020-11-25,2,7zcnlq38eqNWyUF6eNaB5Z,spotify:track:7zcnlq38eqNWyUF6eNaB5Z,0.525,0.612,0.58,0.000414,0.26,-8.572,0.0419,130.045,0.534,56,239560
168,the last great american dynasty,folklore: the long pond studio sessions (from the Disney+ special) [deluxe edition],2020-11-25,3,4ojxSyrEraN7d46BMBPThZ,spotify:track:4ojxSyrEraN7d46BMBPThZ,0.481,0.688,0.653,0.00414,0.106,-8.558,0.0403,147.991,0.701,53,231000
169,exile (feat. Bon Iver),folklore: the long pond studio sessions (from the Disney+ special) [deluxe edition],2020-11-25,4,6kz2hkq1xQvDqPcUyBkw8f,spotify:track:6kz2hkq1xQvDqPcUyBkw8f,0.761,0.31,0.374,2.46e-05,0.11,-8.464,0.0275,75.938,0.16,55,285640
170,my tears ricochet,folklore: the long pond studio sessions (from the Disney+ special) [deluxe edition],2020-11-25,5,0Oju1YcbPCJuUQQWoZNdJK,spotify:track:0Oju1YcbPCJuUQQWoZNdJK,0.814,0.456,0.265,0.0,0.0679,-10.663,0.0328,129.947,0.112,53,255893
171,mirrorball,folklore: the long pond studio sessions (from the Disney+ special) [deluxe edition],2020-11-25,6,5jQyGzcwqAxwT5QUIMivoX,spotify:track:5jQyGzcwqAxwT5QUIMivoX,0.686,0.549,0.417,1.9e-06,0.0604,-10.064,0.035,110.137,0.347,52,208973
172,seven,folklore: the long pond studio sessions (from the Disney+ special) [deluxe edition],2020-11-25,7,2vJ7QvyCiR4DaHxwO58izA,spotify:track:2vJ7QvyCiR4DaHxwO58izA,0.888,0.602,0.494,2.59e-05,0.0902,-10.813,0.0277,94.955,0.374,52,208906
173,august,folklore: the long pond studio sessions (from the Disney+ special) [deluxe edition],2020-11-25,8,1UHoF9p75IVsvUt6WdTYhn,spotify:track:1UHoF9p75IVsvUt6WdTYhn,0.553,0.387,0.634,6.93e-05,0.0931,-9.222,0.0363,89.567,0.42,55,261920
174,this is me trying,folklore: the long pond studio sessions (from the Disney+ special) [deluxe edition],2020-11-25,9,5DnDBYrfGoxdnomqEAkFIv,spotify:track:5DnDBYrfGoxdnomqEAkFIv,0.312,0.511,0.478,2.3e-05,0.147,-9.837,0.0322,135.882,0.408,53,195106
175,illicit affairs,folklore: the long pond studio sessions (from the Disney+ special) [deluxe edition],2020-11-25,10,7CVTowKpGPA2MsIbkTl2oc,spotify:track:7CVTowKpGPA2MsIbkTl2oc,0.862,0.529,0.304,0.0,0.108,-10.567,0.0356,119.58,0.44,52,190893
176,invisible string,folklore: the long pond studio sessions (from the Disney+ special) [deluxe edition],2020-11-25,11,4WHIqhrbdva5vQSrCuet3l,spotify:track:4WHIqhrbdva5vQSrCuet3l,0.859,0.651,0.459,6.63e-05,0.105,-11.128,0.0507,83.455,0.454,53,252880
177,mad woman,folklore: the long pond studio sessions (from the Disney+ special) [deluxe edition],2020-11-25,12,7klXN6RCN5Rj0VeYO5gBzU,spotify:track:7klXN6RCN5Rj0VeYO5gBzU,0.67,0.593,0.7,6.77e-06,0.116,-9.016,0.0492,141.898,0.451,50,237266
178,epiphany,folklore: the long pond studio sessions (from the Disney+ special) [deluxe edition],2020-11-25,13,5MFjHn1qfR9AsWuyzJLk1z,spotify:track:5MFjHn1qfR9AsWuyzJLk1z,0.727,0.317,0.254,0.000326,0.0867,-13.679,0.0286,93.933,0.103,49,289746
179,betty,folklore: the long pond studio sessions (from the Disney+ special) [deluxe edition],2020-11-25,14,2jhfs6moEAK13eLM6xim4l,spotify:track:2jhfs6moEAK13eLM6xim4l,0.589,0.595,0.376,0.0,0.0989,-8.767,0.0256,95.946,0.476,51,294520
180,peace,folklore: the long pond studio sessions (from the Disney+ special) [deluxe edition],2020-11-25,15,0O9i6jhscByEJs1ipy5hu4,spotify:track:0O9i6jhscByEJs1ipy5hu4,0.916,0.644,0.284,1.5e-05,0.0909,-12.879,0.0821,150.072,0.328,49,234000
181,hoax,folklore: the long pond studio sessions (from the Disney+ special) [deluxe edition],2020-11-25,16,4XCYmu7QLySdIahgBALKJK,spotify:track:4XCYmu7QLySdIahgBALKJK,0.964,0.676,0.178,7.9e-06,0.135,-15.01,0.0394,118.84,0.404,49,220040
182,the lakes - bonus track,folklore: the long pond studio sessions (from the Disney+ special) [deluxe edition],2020-11-25,17,0zEprKYeuGOIZoHyu6O1E2,spotify:track:0zEprKYeuGOIZoHyu6O1E2,0.842,0.313,0.258,1.3e-06,0.0948,-11.532,0.0383,179.947,0.268,50,211813
183,the 1 - the long pond studio sessions,folklore: the long pond studio sessions (from the Disney+ special) [deluxe edition],2020-11-25,1,08J4bMHbILkwSIhbtrcvjN,spotify:track:08J4bMHbILkwSIhbtrcvjN,0.898,0.708,0.25,0.026,0.102,-10.731,0.0361,139.803,0.156,59,219893
184,cardigan - the long pond studio sessions,folklore: the long pond studio sessions (from the Disney+ special) [deluxe edition],2020-11-25,2,3EPgWM1zfTSzEc0z4AwWTM,spotify:track:3EPgWM1zfTSzEc0z4AwWTM,0.88,0.395,0.234,0.0,0.107,-9.704,0.0382,86.478,0.247,61,230680
185,the last great american dynasty - the long pond studio sessions,folklore: the long pond studio sessions (from the Disney+ special) [deluxe edition],2020-11-25,3,28tIMaewZuGR8urkvFhQyA,spotify:track:28tIMaewZuGR8urkvFhQyA,0.743,0.64,0.618,0.004,0.0574,-11.715,0.0379,147.948,0.614,57,232346
186,exile (feat. Bon Iver) - the long pond studio sessions,folklore: the long pond studio sessions (from the Disney+ special) [deluxe edition],2020-11-25,4,7N015NTIWGjQDddHUdHPoO,spotify:track:7N015NTIWGjQDddHUdHPoO,0.848,0.359,0.305,6.74e-05,0.111,-10.295,0.0306,151.956,0.108,59,279893
187,my tears ricochet - the long pond studio sessions,folklore: the long pond studio sessions (from the Disney+ special) [deluxe edition],2020-11-25,5,5mdNyCS7ttVcAyVYOIFEjs,spotify:track:5mdNyCS7ttVcAyVYOIFEjs,0.946,0.531,0.172,1.01e-05,0.0615,-12.34,0.0351,129.007,0.168,61,295173
188,mirrorball - the long pond studio sessions,folklore: the long pond studio sessions (from the Disney+ special) [deluxe edition],2020-11-25,6,2yceD2hx5HhOLgkm1CITCi,spotify:track:2yceD2hx5HhOLgkm1CITCi,0.78,0.509,0.386,3.45e-05,0.118,-8.434,0.0272,109.993,0.109,59,237373
189,seven - the long pond studio sessions,folklore: the long pond studio sessions (from the Disney+ special) [deluxe edition],2020-11-25,7,4cOWq0cVsKjxaQpRMbDoH1,spotify:track:4cOWq0cVsKjxaQpRMbDoH1,0.914,0.694,0.449,0.000126,0.1,-11.49,0.0301,94.963,0.363,57,208986
190,august - the long pond studio sessions,folklore: the long pond studio sessions (from the Disney+ special) [deluxe edition],2020-11-25,8,4MGexoZc12lqE0hYkq9YYx,spotify:track:4MGexoZc12lqE0hYkq9YYx,0.5,0.554,0.663,4.77e-05,0.791,-8.961,0.0324,89.977,0.545,60,260000
191,this is me trying - the long pond studio sessions,folklore: the long pond studio sessions (from the Disney+ special) [deluxe edition],2020-11-25,9,1gaLZjPrDnHQWJds2Jg4KT,spotify:track:1gaLZjPrDnHQWJds2Jg4KT,0.928,0.435,0.332,0.000898,0.0867,-11.611,0.031,68.097,0.157,60,209293
192,illicit affairs - the long pond studio sessions,folklore: the long pond studio sessions (from the Disney+ special) [deluxe edition],2020-11-25,10,560uQyz3p5G9WdnMX39xc6,spotify:track:560uQyz3p5G9WdnMX39xc6,0.883,0.489,0.235,0.0,0.113,-10.274,0.0356,117.699,0.435,58,183720
193,invisible string - the long pond studio sessions,folklore: the long pond studio sessions (from the Disney+ special) [deluxe edition],2020-11-25,11,5KByGq0JijSSDcy0qzuINs,spotify:track:5KByGq0JijSSDcy0qzuINs,0.942,0.59,0.282,4.85e-06,0.11,-10.542,0.0281,83.438,0.351,57,257359
194,mad woman - the long pond studio sessions,folklore: the long pond studio sessions (from the Disney+ special) [deluxe edition],2020-11-25,12,04xrhDrQ2WOW8GLwu7kbc0,spotify:track:04xrhDrQ2WOW8GLwu7kbc0,0.887,0.663,0.465,0.000168,0.109,-10.463,0.0408,141.834,0.346,55,238333
195,epiphany - the long pond studio sessions,folklore: the long pond studio sessions (from the Disney+ special) [deluxe edition],2020-11-25,13,4yyKppX85ZkmlGOC2toBZA,spotify:track:4yyKppX85ZkmlGOC2toBZA,0.916,0.524,0.2,0.000392,0.068,-13.004,0.0274,93.87,0.113,55,274880
196,betty - the long pond studio sessions,folklore: the long pond studio sessions (from the Disney+ special) [deluxe edition],2020-11-25,14,1mh5dObNoOvCfHmXnhvDEK,spotify:track:1mh5dObNoOvCfHmXnhvDEK,0.841,0.538,0.316,0.0,0.119,-9.5,0.0299,95.68,0.518,57,290040
197,peace - the long pond studio sessions,folklore: the long pond studio sessions (from the Disney+ special) [deluxe edition],2020-11-25,15,4YHHz3VIXgNDGdoL9xC1tx,spotify:track:4YHHz3VIXgNDGdoL9xC1tx,0.93,0.619,0.344,7.61e-05,0.0734,-11.472,0.0647,149.897,0.513,55,214373
198,hoax - the long pond studio sessions,folklore: the long pond studio sessions (from the Disney+ special) [deluxe edition],2020-11-25,16,0QTBsdoJhamY3Aid3fOsOd,spotify:track:0QTBsdoJhamY3Aid3fOsOd,0.962,0.682,0.155,0.0,0.18,-13.083,0.0394,118.832,0.483,56,221800
199,the lakes - the long pond studio sessions,folklore: the long pond studio sessions (from the Disney+ special) [deluxe edition],2020-11-25,17,6mqyTq948oap5AkyTsd6XF,spotify:track:6mqyTq948oap5AkyTsd6XF,0.794,0.606,0.221,0.0,0.0888,-11.767,0.0468,89.844,0.112,58,199733
200,the 1,folklore (deluxe version),2020-08-18,1,4pfrrhvplbJZAIsfosGWQP,spotify:track:4pfrrhvplbJZAIsfosGWQP,0.75,0.78,0.361,7.14e-06,0.108,-6.942,0.048,139.902,0.163,73,210240
201,cardigan,folklore (deluxe version),2020-08-18,2,0KRYCBwIpWYFNrXOmXbyUh,spotify:track:0KRYCBwIpWYFNrXOmXbyUh,0.525,0.612,0.58,0.000414,0.26,-8.572,0.0419,130.045,0.534,74,239560
202,the last great american dynasty,folklore (deluxe version),2020-08-18,3,2olxzvoFI9IpxqFeUv7WOX,spotify:track:2olxzvoFI9IpxqFeUv7WOX,0.481,0.688,0.653,0.00414,0.106,-8.558,0.0403,147.991,0.701,72,231000
203,exile (feat. Bon Iver),folklore (deluxe version),2020-08-18,4,5S4aYQAJOwJMAamANWlICO,spotify:track:5S4aYQAJOwJMAamANWlICO,0.761,0.31,0.374,2.46e-05,0.11,-8.464,0.0275,75.938,0.16,74,285640
204,my tears ricochet,folklore (deluxe version),2020-08-18,5,5P2bHCDM2tsgIaYWsZMhu5,spotify:track:5P2bHCDM2tsgIaYWsZMhu5,0.814,0.456,0.265,0.0,0.0679,-10.663,0.0328,129.947,0.112,73,255893
205,mirrorball,folklore (deluxe version),2020-08-18,6,2I8YAEA1VmCuP1wkJHMpTw,spotify:track:2I8YAEA1VmCuP1wkJHMpTw,0.686,0.549,0.417,1.9e-06,0.0604,-10.064,0.035,110.137,0.347,72,208973
206,seven,folklore (deluxe version),2020-08-18,7,76mOLcXOjOEhyY4mMF1l3r,spotify:track:76mOLcXOjOEhyY4mMF1l3r,0.888,0.602,0.494,2.59e-05,0.0902,-10.813,0.0277,94.955,0.374,72,208906
207,august,folklore (deluxe version),2020-08-18,8,6nK2pIKFcRc5frrZKHgsiT,spotify:track:6nK2pIKFcRc5frrZKHgsiT,0.553,0.387,0.634,6.93e-05,0.0931,-9.222,0.0363,89.567,0.42,74,261920
208,this is me trying,folklore (deluxe version),2020-08-18,9,7cm50Lw03k6VvRauJtkyTj,spotify:track:7cm50Lw03k6VvRauJtkyTj,0.312,0.511,0.478,2.3e-05,0.147,-9.837,0.0322,135.882,0.408,72,195106
209,illicit affairs,folklore (deluxe version),2020-08-18,10,6DrLROM5MG9bxWHeEG5elq,spotify:track:6DrLROM5MG9bxWHeEG5elq,0.862,0.529,0.304,0.0,0.108,-10.567,0.0356,119.58,0.44,72,190893
210,invisible string,folklore (deluxe version),2020-08-18,11,2ehRU518I0hYqMGQnk4lDY,spotify:track:2ehRU518I0hYqMGQnk4lDY,0.859,0.651,0.459,6.63e-05,0.105,-11.128,0.0507,83.455,0.454,72,252880
211,mad woman,folklore (deluxe version),2020-08-18,12,0RP1kqoSPkVXsKiQNhMKzV,spotify:track:0RP1kqoSPkVXsKiQNhMKzV,0.67,0.593,0.7,6.77e-06,0.116,-9.016,0.0492,141.898,0.451,70,237266
212,epiphany,folklore (deluxe version),2020-08-18,13,1EXa37LpSvi3OQ9UYQ28rD,spotify:track:1EXa37LpSvi3OQ9UYQ28rD,0.727,0.317,0.254,0.000326,0.0867,-13.679,0.0286,93.933,0.103,68,289746
213,betty,folklore (deluxe version),2020-08-18,14,3IhtE4fkytdrtEfV34UzkD,spotify:track:3IhtE4fkytdrtEfV34UzkD,0.589,0.595,0.376,0.0,0.0989,-8.767,0.0256,95.946,0.476,70,294520
214,peace,folklore (deluxe version),2020-08-18,15,6JlI8Ay77m4nJvZTHvfT1J,spotify:track:6JlI8Ay77m4nJvZTHvfT1J,0.916,0.644,0.284,1.5e-05,0.0909,-12.879,0.0821,150.072,0.328,69,234000
215,hoax,folklore (deluxe version),2020-08-18,16,0YeDG5HnKnG7jpArkzsSPa,spotify:track:0YeDG5HnKnG7jpArkzsSPa,0.964,0.676,0.178,7.9e-06,0.135,-15.01,0.0394,118.84,0.404,68,220040
216,the lakes - bonus track,folklore (deluxe version),2020-08-18,17,0eFQWVz0qIxDOvhLpZ40P7,spotify:track:0eFQWVz0qIxDOvhLpZ40P7,0.842,0.313,0.258,1.3e-06,0.0948,-11.532,0.0383,179.947,0.268,72,211813
217,the 1,folklore,2020-07-24,1,0Jlcvv8IykzHaSmj49uNW8,spotify:track:0Jlcvv8IykzHaSmj49uNW8,0.757,0.777,0.357,7.28e-06,0.108,-6.942,0.0522,139.883,0.172,80,210251
218,cardigan,folklore,2020-07-24,2,4R2kfaDFhslZEMJqAFNpdd,spotify:track:4R2kfaDFhslZEMJqAFNpdd,0.537,0.613,0.581,0.000345,0.25,-8.588,0.0424,130.033,0.551,90,239560
219,the last great american dynasty,folklore,2020-07-24,3,2Eeur20xVqfUoM3Q7EFPFt,spotify:track:2Eeur20xVqfUoM3Q7EFPFt,0.467,0.686,0.662,0.0023,0.109,-8.505,0.0413,147.922,0.706,76,230999
220,exile (feat. Bon Iver),folklore,2020-07-24,4,4pvb0WLRcMtbPGmtejJJ6y,spotify:track:4pvb0WLRcMtbPGmtejJJ6y,0.778,0.298,0.38,5.62e-05,0.11,-8.426,0.0287,75.602,0.152,82,285634
221,my tears ricochet,folklore,2020-07-24,5,1MgV7FIyNxIG7WzMRJV5HC,spotify:track:1MgV7FIyNxIG7WzMRJV5HC,0.806,0.456,0.263,0.0,0.0749,-10.63,0.0332,129.86,0.111,80,255893
222,mirrorball,folklore,2020-07-24,6,0ZNU020wNYvgW84iljPkPP,spotify:track:0ZNU020wNYvgW84iljPkPP,0.687,0.553,0.413,2.33e-06,0.0594,-10.037,0.0334,110.107,0.379,80,208977
223,seven,folklore,2020-07-24,7,6KJqZcs9XDgVck7Lg9QOTC,spotify:track:6KJqZcs9XDgVck7Lg9QOTC,0.9,0.596,0.488,2.7e-05,0.091,-10.769,0.0274,94.926,0.415,77,208906
224,august,folklore,2020-07-24,8,3hUxzQpSfdDqwM3ZTFQY0K,spotify:track:3hUxzQpSfdDqwM3ZTFQY0K,0.538,0.532,0.623,7.28e-05,0.0925,-9.208,0.0331,89.937,0.403,91,261922
225,this is me trying,folklore,2020-07-24,9,7kt9e9LFSpN1zQtYEl19o1,spotify:track:7kt9e9LFSpN1zQtYEl19o1,0.314,0.515,0.476,4.74e-05,0.171,-9.843,0.0328,135.886,0.412,78,195097
226,illicit affairs,folklore,2020-07-24,10,2NmsngXHeC1GQ9wWrzhOMf,spotify:track:2NmsngXHeC1GQ9wWrzhOMf,0.881,0.559,0.31,0.0,0.106,-10.445,0.0338,119.845,0.46,79,190898
227,invisible string,folklore,2020-07-24,11,6VsvKPJ4xjVNKpI8VVZ3SV,spotify:track:6VsvKPJ4xjVNKpI8VVZ3SV,0.838,0.653,0.452,7.73e-05,0.108,-11.143,0.055,83.433,0.45,78,252880
228,mad woman,folklore,2020-07-24,12,2QDyYdZyhlP2fp79KZX8Bi,spotify:track:2QDyYdZyhlP2fp79KZX8Bi,0.655,0.592,0.699,1.68e-05,0.114,-8.995,0.0471,141.916,0.506,71,237258
229,epiphany,folklore,2020-07-24,13,08fa9LFcFBTcilB3iq2e2A,spotify:track:08fa9LFcFBTcilB3iq2e2A,0.731,0.354,0.267,0.000402,0.0858,-13.69,0.0281,94.219,0.113,69,289749
230,betty,folklore,2020-07-24,14,5kI4eCXXzyuIUXjQra0Cxi,spotify:track:5kI4eCXXzyuIUXjQra0Cxi,0.6,0.593,0.377,0.0,0.0976,-8.761,0.0253,95.939,0.502,77,294521
231,peace,folklore,2020-07-24,15,7MbT4I8qGntX4fMdqMQgke,spotify:track:7MbT4I8qGntX4fMdqMQgke,0.918,0.647,0.272,1.73e-05,0.0918,-12.906,0.0916,150.044,0.339,71,234000
232,hoax,folklore,2020-07-24,16,6MWoRt97mnSTXZhu3ggi9C,spotify:track:6MWoRt97mnSTXZhu3ggi9C,0.966,0.662,0.181,3.86e-06,0.133,-15.065,0.0415,118.819,0.429,70,220042
233,I Forgot That You Existed,Lover,2019-08-23,1,43rA71bccXFGD4C8GOpIlN,spotify:track:43rA71bccXFGD4C8GOpIlN,0.298,0.664,0.316,2.03e-06,0.0812,-10.345,0.519,92.875,0.541,76,170640
234,Cruel Summer,Lover,2019-08-23,2,1BxfuPKGuaTgP7aM0Bbdwr,spotify:track:1BxfuPKGuaTgP7aM0Bbdwr,0.117,0.552,0.702,2.06e-05,0.105,-5.707,0.157,169.994,0.564,98,178426
235,Lover,Lover,2019-08-23,3,1dGr1c8CrMLDpV6mPbImSI,spotify:track:1dGr1c8CrMLDpV6mPbImSI,0.492,0.359,0.543,1.58e-05,0.118,-7.582,0.0919,68.534,0.453,90,221306
236,The Man,Lover,2019-08-23,4,3RauEVgRgj1IuWdJ9fDs70,spotify:track:3RauEVgRgj1IuWdJ9fDs70,0.0767,0.777,0.658,0.0,0.0901,-5.191,0.054,110.048,0.633,85,190360
237,The Archer,Lover,2019-08-23,5,3pHkh7d0lzM2AldUtz2x37,spotify:track:3pHkh7d0lzM2AldUtz2x37,0.12,0.292,0.574,0.00569,0.0663,-9.375,0.0401,124.344,0.166,81,211240
238,I Think He Knows,Lover,2019-08-23,6,2YWtcWi3a83pdEg3Gif4Pd,spotify:track:2YWtcWi3a83pdEg3Gif4Pd,0.00889,0.897,0.366,0.000353,0.0715,-8.029,0.0569,100.003,0.416,78,173386
239,Miss Americana & The Heartbreak Prince,Lover,2019-08-23,7,214nt20w5wOxJnY462klLw,spotify:track:214nt20w5wOxJnY462klLw,0.028,0.662,0.747,0.00615,0.138,-6.926,0.0736,150.088,0.487,82,234146
240,Paper Rings,Lover,2019-08-23,8,4y5bvROuBDPr5fuwXbIBZR,spotify:track:4y5bvROuBDPr5fuwXbIBZR,0.0129,0.811,0.719,1.36e-05,0.0742,-6.553,0.0497,103.979,0.865,85,222400
241,Cornelia Street,Lover,2019-08-23,9,12M5uqx0ZuwkpLp5rJim1a,spotify:track:12M5uqx0ZuwkpLp5rJim1a,0.781,0.824,0.624,0.000189,0.1,-9.728,0.0827,102.012,0.248,80,287266
242,Death By A Thousand Cuts,Lover,2019-08-23,10,2dgFqt3w9xIQRjhPtwNk3D,spotify:track:2dgFqt3w9xIQRjhPtwNk3D,0.454,0.712,0.732,0.0,0.319,-6.754,0.0629,94.071,0.313,79,198533
243,London Boy,Lover,2019-08-23,11,1LLXZFeAHK9R4xUramtUKw,spotify:track:1LLXZFeAHK9R4xUramtUKw,0.0246,0.695,0.71,0.000104,0.133,-6.639,0.05,157.925,0.557,81,190240
244,Soon You’ll Get Better (feat. The Chicks),Lover,2019-08-23,12,4AYtqFyFbX0Xkc2wtcygTr,spotify:track:4AYtqFyFbX0Xkc2wtcygTr,0.907,0.433,0.182,0.0,0.123,-12.566,0.0641,207.476,0.421,72,201586
245,False God,Lover,2019-08-23,13,5hQSXkFgbxjZo9uCwd11so,spotify:track:5hQSXkFgbxjZo9uCwd11so,0.736,0.739,0.32,0.000147,0.111,-10.862,0.239,79.97,0.351,78,200306
246,You Need To Calm Down,Lover,2019-08-23,14,6RRNNciQGZEXnqk8SQ9yv5,spotify:track:6RRNNciQGZEXnqk8SQ9yv5,0.00929,0.771,0.671,0.0,0.0637,-5.617,0.0553,85.026,0.714,82,171360
247,Afterglow,Lover,2019-08-23,15,1SymEzIT3H8UZfibCs3TYi,spotify:track:1SymEzIT3H8UZfibCs3TYi,0.13,0.756,0.449,0.0,0.114,-8.746,0.0344,111.011,0.399,81,223293
248,ME! (feat. Brendon Urie of Panic! At The Disco),Lover,2019-08-23,16,2Rk4JlNc2TPmZe2af99d45,spotify:track:2Rk4JlNc2TPmZe2af99d45,0.033,0.61,0.83,0.0,0.118,-4.105,0.0571,182.162,0.728,80,193000
249,It’s Nice To Have A Friend,Lover,2019-08-23,17,1SmiQ65iSAbPto6gPFlBYm,spotify:track:1SmiQ65iSAbPto6gPFlBYm,0.971,0.737,0.175,0.000337,0.171,-9.912,0.0401,70.008,0.545,72,150440
250,Daylight,Lover,2019-08-23,18,1fzAuUVbzlhZ1lJAx9PtY6,spotify:track:1fzAuUVbzlhZ1lJAx9PtY6,0.808,0.557,0.496,0.000173,0.0772,-9.602,0.0563,149.983,0.265,83,293453
251,...Ready For It?,reputation,2017-11-10,1,2yLa0QULdQr0qAIvVwN6B5,spotify:track:2yLa0QULdQr0qAIvVwN6B5,0.0527,0.613,0.764,0.0,0.197,-6.509,0.136,160.015,0.417,83,208186
252,End Game,reputation,2017-11-10,2,2x0WlnmfG39ZuDmstl9xfX,spotify:track:2x0WlnmfG39ZuDmstl9xfX,0.00845,0.649,0.589,0.0,0.108,-6.237,0.0558,159.073,0.151,80,244826
253,I Did Something Bad,reputation,2017-11-10,3,4svZDCRz4cJoneBpjpx8DJ,spotify:track:4svZDCRz4cJoneBpjpx8DJ,0.0679,0.696,0.602,2.11e-05,0.0696,-6.156,0.159,82.989,0.305,81,238253
254,Don’t Blame Me,reputation,2017-11-10,4,1R0a2iXumgCiFb7HEZ7gUE,spotify:track:1R0a2iXumgCiFb7HEZ7gUE,0.106,0.615,0.534,1.76e-05,0.0607,-6.719,0.0386,135.917,0.193,90,236413
255,Delicate,reputation,2017-11-10,5,6NFyWDv5CjfwuzoCkw47Xf,spotify:track:6NFyWDv5CjfwuzoCkw47Xf,0.216,0.75,0.404,0.000357,0.0911,-10.178,0.0682,95.045,0.0499,86,232253
256,Look What You Made Me Do,reputation,2017-11-10,6,1P17dC1amhFzptugyAO7Il,spotify:track:1P17dC1amhFzptugyAO7Il,0.204,0.766,0.709,1.41e-05,0.126,-6.471,0.123,128.07,0.506,85,211853
257,So It Goes...,reputation,2017-11-10,7,5PxFv9yJEg9dxvbZggykro,spotify:track:5PxFv9yJEg9dxvbZggykro,0.122,0.574,0.61,1.1e-06,0.13,-7.283,0.0732,74.957,0.374,75,227906
258,Gorgeous,reputation,2017-11-10,8,1ZY1PqizIl78geGM4xWlEA,spotify:track:1ZY1PqizIl78geGM4xWlEA,0.0713,0.8,0.535,9.48e-06,0.213,-6.684,0.135,92.027,0.451,83,209680
259,Getaway Car,reputation,2017-11-10,9,0VE4kBnHJUgtMf0dy6DRmW,spotify:track:0VE4kBnHJUgtMf0dy6DRmW,0.00465,0.562,0.689,2.23e-06,0.0888,-6.745,0.127,172.054,0.351,86,233626
260,King Of My Heart,reputation,2017-11-10,10,7HuBDWi18s4aJM8UFnNheH,spotify:track:7HuBDWi18s4aJM8UFnNheH,0.00882,0.675,0.703,2.21e-06,0.0391,-7.902,0.0382,110.01,0.314,79,214320
261,Dancing With Our Hands Tied,reputation,2017-11-10,11,7I7JbDv63ZJJsSi24DyJrz,spotify:track:7I7JbDv63ZJJsSi24DyJrz,0.0604,0.624,0.691,1.1e-05,0.138,-6.686,0.196,160.024,0.284,77,211506
262,Dress,reputation,2017-11-10,12,6oVxXO5oQ4pTpO8RSnkzvv,spotify:track:6oVxXO5oQ4pTpO8RSnkzvv,0.0329,0.719,0.469,0.0,0.169,-8.792,0.0533,120.085,0.0851,81,230373
263,This Is Why We Can't Have Nice Things,reputation,2017-11-10,13,07NxDD1iKCHbAldceD7QLP,spotify:track:07NxDD1iKCHbAldceD7QLP,0.0156,0.567,0.789,0.0,0.382,-5.986,0.115,163.96,0.438,77,207133
264,Call It What You Want,reputation,2017-11-10,14,1GwMQaZz6Au3QLDbjbMdme,spotify:track:1GwMQaZz6Au3QLDbjbMdme,0.186,0.598,0.504,0.000221,0.34,-9.874,0.0731,163.954,0.252,80,203506
265,New Year’s Day,reputation,2017-11-10,15,7F5oktn5YOsR9eR5YsFtqb,spotify:track:7F5oktn5YOsR9eR5YsFtqb,0.921,0.661,0.151,0.0,0.13,-12.864,0.0354,94.922,0.23,75,235466
266,All Too Well,reputation Stadium Tour Surprise Song Playlist,2017-11-09,1,00vJzaoxM3Eja1doBUhX0P,spotify:track:00vJzaoxM3Eja1doBUhX0P,0.0448,0.602,0.605,0.000334,0.128,-7.803,0.0244,93.061,0.316,41,329160
267,Wildest Dreams,reputation Stadium Tour Surprise Song Playlist,2017-11-09,2,22C0JIVhFaczZ4t9heqREN,spotify:track:22C0JIVhFaczZ4t9heqREN,0.0692,0.55,0.688,0.00144,0.106,-7.416,0.0897,139.997,0.465,45,220440
268,The Best Day,reputation Stadium Tour Surprise Song Playlist,2017-11-09,3,7APTsjmZbj7TFXQJAiRti4,spotify:track:7APTsjmZbj7TFXQJAiRti4,0.639,0.669,0.448,4.06e-06,0.158,-8.566,0.0285,126.068,0.383,35,246306
269,Red,reputation Stadium Tour Surprise Song Playlist,2017-11-09,4,4V9NuhKQcUFt4cgbynHV79,spotify:track:4V9NuhKQcUFt4cgbynHV79,0.0779,0.605,0.899,0.000125,0.0911,-4.273,0.0423,124.985,0.647,39,223093
270,Holy Ground,reputation Stadium Tour Surprise Song Playlist,2017-11-09,5,4hCZk6WJBFQeG3P7WsyntI,spotify:track:4hCZk6WJBFQeG3P7WsyntI,0.0162,0.627,0.816,0.00208,0.0965,-6.698,0.0774,157.043,0.648,35,202960
271,Teardrops On My Guitar - Radio Single Remix,reputation Stadium Tour Surprise Song Playlist,2017-11-09,6,7eGeUVeCEvEQrivmjl9Qn3,spotify:track:7eGeUVeCEvEQrivmjl9Qn3,0.313,0.626,0.427,0.0,0.138,-6.993,0.0234,99.959,0.263,38,204706
272,Our Song,reputation Stadium Tour Surprise Song Playlist,2017-11-09,7,7qGr3rjRhndRIpFUA5f2HJ,spotify:track:7qGr3rjRhndRIpFUA5f2HJ,0.114,0.545,0.663,0.0,0.321,-5.05,0.0363,178.013,0.565,42,203440
273,22,reputation Stadium Tour Surprise Song Playlist,2017-11-09,8,2P5gfMtCcKP0CkmgqFMyPg,spotify:track:2P5gfMtCcKP0CkmgqFMyPg,0.00254,0.66,0.733,0.00146,0.0473,-6.564,0.0379,104.009,0.68,41,232120
274,I Knew You Were Trouble.,reputation Stadium Tour Surprise Song Playlist,2017-11-09,9,2o2IVjuqRkR9hJxtPjtAP0,spotify:track:2o2IVjuqRkR9hJxtPjtAP0,0.00476,0.536,0.464,2.67e-06,0.0357,-6.761,0.0412,77.318,0.665,42,219720
275,I Don’t Wanna Live Forever (Fifty Shades Darker),reputation Stadium Tour Surprise Song Playlist,2017-11-09,10,55n9yjI6qqXh5F2mYvUc2y,spotify:track:55n9yjI6qqXh5F2mYvUc2y,0.0586,0.731,0.445,1.96e-05,0.14,-8.418,0.0533,117.97,0.106,82,247160
276,Mean,reputation Stadium Tour Surprise Song Playlist,2017-11-09,11,5rcHBt2aNcGFWW0jaAUe1L,spotify:track:5rcHBt2aNcGFWW0jaAUe1L,0.451,0.576,0.754,0.0,0.223,-3.982,0.0428,163.886,0.79,38,238693
277,How You Get The Girl,reputation Stadium Tour Surprise Song Playlist,2017-11-09,12,3aSYZ4upQ6OSNos26YeVWL,spotify:track:3aSYZ4upQ6OSNos26YeVWL,0.00364,0.765,0.656,0.00868,0.0918,-6.112,0.0504,119.997,0.545,39,247533
278,So It Goes...,reputation Stadium Tour Surprise Song Playlist,2017-11-09,13,41T04yafZVrjNq2FqvLtId,spotify:track:41T04yafZVrjNq2FqvLtId,0.122,0.574,0.61,1.1e-06,0.13,-7.283,0.0732,74.957,0.374,56,227906
279,Fifteen,reputation Stadium Tour Surprise Song Playlist,2017-11-09,14,0H2UD0LfSCiRr59YMGlCuS,spotify:track:0H2UD0LfSCiRr59YMGlCuS,0.0717,0.55,0.628,0.0,0.138,-4.437,0.0269,95.122,0.211,35,295320
280,Mine,reputation Stadium Tour Surprise Song Playlist,2017-11-09,15,6FmJKLpyCt42nP2IOVEVc2,spotify:track:6FmJKLpyCt42nP2IOVEVc2,0.00302,0.621,0.779,3.22e-06,0.187,-2.943,0.0301,121.034,0.67,39,231866
281,Sparks Fly,reputation Stadium Tour Surprise Song Playlist,2017-11-09,16,5h2sBwpUSAndjObfU3ti2r,spotify:track:5h2sBwpUSAndjObfU3ti2r,0.041,0.61,0.782,0.0,0.16,-2.98,0.0309,114.977,0.399,37,262920
282,State Of Grace,reputation Stadium Tour Surprise Song Playlist,2017-11-09,17,0YRGTdfmJPALpglAaraYUr,spotify:track:0YRGTdfmJPALpglAaraYUr,0.000184,0.591,0.828,0.00113,0.0879,-5.895,0.0333,129.962,0.383,34,295720
283,Haunted,reputation Stadium Tour Surprise Song Playlist,2017-11-09,18,6CB7DczrX9ZJB9Wkjegmaq,spotify:track:6CB7DczrX9ZJB9Wkjegmaq,0.0648,0.431,0.949,0.0,0.0612,-2.622,0.0605,162.012,0.37,37,245413
284,Never Grow Up,reputation Stadium Tour Surprise Song Playlist,2017-11-09,19,1UPDfqsVIZLEiZeMuUsni2,spotify:track:1UPDfqsVIZLEiZeMuUsni2,0.824,0.714,0.309,0.0,0.136,-8.828,0.0302,124.894,0.545,35,292920
285,Treacherous,reputation Stadium Tour Surprise Song Playlist,2017-11-09,20,0r3U7SOcoj4DIEyN44Lt5z,spotify:track:0r3U7SOcoj4DIEyN44Lt5z,0.101,0.704,0.621,4.3e-06,0.14,-8.086,0.0334,109.995,0.395,33,242760
286,Babe,reputation Stadium Tour Surprise Song Playlist,2017-11-09,21,40PXEOFLJc7UIpLMrhSfW1,spotify:track:40PXEOFLJc7UIpLMrhSfW1,0.0221,0.577,0.784,0.0,0.125,-3.266,0.101,171.791,0.643,34,215106
287,Welcome To New York,reputation Stadium Tour Surprise Song Playlist,2017-11-09,22,3YLA3NgzFRRa7LiHMtFPby,spotify:track:3YLA3NgzFRRa7LiHMtFPby,0.0348,0.789,0.634,1.64e-06,0.302,-4.762,0.0323,116.992,0.658,39,212600
288,Fearless,reputation Stadium Tour Surprise Song Playlist,2017-11-09,23,43sE2O3skbGBpT2tO6fzv9,spotify:track:43sE2O3skbGBpT2tO6fzv9,0.0377,0.603,0.718,0.0,0.307,-4.401,0.0272,100.163,0.429,36,242973
289,Enchanted,reputation Stadium Tour Surprise Song Playlist,2017-11-09,24,5lg33MHs1BoUtJVClw8ZpI,spotify:track:5lg33MHs1BoUtJVClw8ZpI,0.0717,0.535,0.626,0.00127,0.158,-3.895,0.0274,81.963,0.218,48,353253
290,Change,reputation Stadium Tour Surprise Song Playlist,2017-11-09,25,5PSOWHll3h3Vy226xSJk0M,spotify:track:5PSOWHll3h3Vy226xSJk0M,0.00418,0.543,0.763,0.0,0.111,-4.206,0.0376,96.006,0.234,32,281053
291,Ours,reputation Stadium Tour Surprise Song Playlist,2017-11-09,26,0V3SNHDka1JSCP71HAzpxw,spotify:track:0V3SNHDka1JSCP71HAzpxw,0.469,0.61,0.56,0.0,0.087,-7.392,0.0279,159.837,0.228,37,239346
292,Out Of The Woods,reputation Stadium Tour Surprise Song Playlist,2017-11-09,27,0GmfiNHSgkKamYgQEMYOH3,spotify:track:0GmfiNHSgkKamYgQEMYOH3,0.000743,0.553,0.841,1.19e-05,0.341,-6.937,0.0396,92.008,0.338,41,235800
293,Come Back...Be Here,reputation Stadium Tour Surprise Song Playlist,2017-11-09,28,5hiqtrACtMJkNpaNHj0n9Z,spotify:track:5hiqtrACtMJkNpaNHj0n9Z,0.00471,0.483,0.548,2.01e-06,0.0997,-6.291,0.0254,79.926,0.217,34,223920
294,A Place in this World,reputation Stadium Tour Surprise Song Playlist,2017-11-09,29,2RSYYe7LhKFxIi50T5XtUo,spotify:track:2RSYYe7LhKFxIi50T5XtUo,0.0577,0.573,0.767,0.0,0.327,-2.929,0.0323,114.984,0.438,33,202080
295,This Love,reputation Stadium Tour Surprise Song Playlist,2017-11-09,30,64KRxmbqypPBlya4nxFmDn,spotify:track:64KRxmbqypPBlya4nxFmDn,0.678,0.481,0.435,0.0,0.0928,-8.795,0.0321,143.95,0.107,34,250093
296,The Lucky One,reputation Stadium Tour Surprise Song Playlist,2017-11-09,31,24ksPWXKg1k7OOG57pufED,spotify:track:24ksPWXKg1k7OOG57pufED,0.0352,0.706,0.505,0.0,0.13,-7.639,0.0358,117.935,0.561,33,240266
297,Invisible,reputation Stadium Tour Surprise Song Playlist,2017-11-09,32,0kqC185OTcnuhbz4T7g5RB,spotify:track:0kqC185OTcnuhbz4T7g5RB,0.56,0.609,0.383,0.0,0.165,-5.732,0.0243,96.005,0.224,33,205853
298,Breathe,reputation Stadium Tour Surprise Song Playlist,2017-11-09,33,3oxgFdIlxFEDEJqn7k5TVN,spotify:track:3oxgFdIlxFEDEJqn7k5TVN,0.416,0.442,0.48,0.0,0.129,-7.405,0.0281,73.849,0.167,36,264946
299,Better Man,reputation Stadium Tour Surprise Song Playlist,2017-11-09,34,3EXetjrGgwIjDRNn6YA8sa,spotify:track:3EXetjrGgwIjDRNn6YA8sa,0.123,0.502,0.843,0.0,0.0974,-3.648,0.0378,143.944,0.507,37,263613
300,Jump Then Fall,reputation Stadium Tour Surprise Song Playlist,2017-11-09,35,5zytSTR2g0I9psX2Z12ex6,spotify:track:5zytSTR2g0I9psX2Z12ex6,0.113,0.617,0.699,0.0,0.074,-5.712,0.0274,80.007,0.818,32,238093
301,Begin Again,reputation Stadium Tour Surprise Song Playlist,2017-11-09,36,2G679wnKfyhUOeNx910OXg,spotify:track:2G679wnKfyhUOeNx910OXg,0.199,0.53,0.526,3.52e-06,0.14,-8.349,0.0263,79.025,0.323,33,239426
302,Tied Together with a Smile,reputation Stadium Tour Surprise Song Playlist,2017-11-09,37,4qNEi8zGIYLiMtoW8OaJdx,spotify:track:4qNEi8zGIYLiMtoW8OaJdx,0.521,0.479,0.547,0.0,0.0728,-4.948,0.0275,146.147,0.238,33,251213
303,The Story Of Us,reputation Stadium Tour Surprise Song Playlist,2017-11-09,38,2fF3QzbGCrtrDXIdWcg1mv,spotify:track:2fF3QzbGCrtrDXIdWcg1mv,0.00556,0.547,0.808,0.000304,0.0587,-3.63,0.0398,139.908,0.65,35,267653
304,Forever & Always,reputation Stadium Tour Surprise Song Playlist,2017-11-09,39,0QCS4NpURHvWdF1icdkfBw,spotify:track:0QCS4NpURHvWdF1icdkfBw,0.0806,0.607,0.829,0.0,0.207,-5.02,0.0588,128.057,0.52,33,226293
305,Hey Stephen,reputation Stadium Tour Surprise Song Playlist,2017-11-09,40,0TYJbIHBtmWy9ugtU9BcbE,spotify:track:0TYJbIHBtmWy9ugtU9BcbE,0.191,0.843,0.541,1.85e-06,0.108,-7.361,0.0318,116.001,0.838,32,256040
306,Speak Now,reputation Stadium Tour Surprise Song Playlist,2017-11-09,41,1XLc4irbX7oQSneh6gWv3O,spotify:track:1XLc4irbX7oQSneh6gWv3O,0.0991,0.712,0.603,0.0,0.102,-3.753,0.0304,118.986,0.714,36,243346
307,Wonderland,reputation Stadium Tour Surprise Song Playlist,2017-11-09,42,0eTCaVOYLpJlSkbEi2jay4,spotify:track:0eTCaVOYLpJlSkbEi2jay4,0.0493,0.422,0.692,2.57e-05,0.177,-5.447,0.0549,184.014,0.197,42,245560
308,White Horse,reputation Stadium Tour Surprise Song Playlist,2017-11-09,43,4RMfSYDFkcz0bKoK8fHDgR,spotify:track:4RMfSYDFkcz0bKoK8fHDgR,0.314,0.578,0.348,0.0,0.1,-8.066,0.0257,92.673,0.218,33,235400
309,I'm Only Me When I'm With You,reputation Stadium Tour Surprise Song Playlist,2017-11-09,44,6Py8IKZqDyU8aQVrjilbJw,spotify:track:6Py8IKZqDyU8aQVrjilbJw,0.00454,0.556,0.933,0.000469,0.101,-3.685,0.072,143.936,0.521,35,215600
310,Starlight,reputation Stadium Tour Surprise Song Playlist,2017-11-09,45,7txpzmA69zyk50K3ZyZSzC,spotify:track:7txpzmA69zyk50K3ZyZSzC,0.0192,0.649,0.777,0.000487,0.234,-5.797,0.0391,126.014,0.616,33,220600
311,I Know Places,reputation Stadium Tour Surprise Song Playlist,2017-11-09,46,3qGLcmO0XnnrcpAQGZwTvA,spotify:track:3qGLcmO0XnnrcpAQGZwTvA,0.245,0.602,0.755,0.0,0.178,-4.991,0.071,159.965,0.495,37,195706
312,Welcome To New York,1989 (Deluxe),2014-01-01,1,3nRmDz7qGCvsMS30rGGY0x,spotify:track:3nRmDz7qGCvsMS30rGGY0x,0.0348,0.789,0.634,1.64e-06,0.302,-4.762,0.0323,116.992,0.658,68,212600
313,Blank Space,1989 (Deluxe),2014-01-01,2,1u8c2t2Cy7UBoG4ArRcF5g,spotify:track:1u8c2t2Cy7UBoG4ArRcF5g,0.103,0.76,0.703,0.0,0.0913,-5.412,0.054,95.997,0.57,90,231826
314,Style,1989 (Deluxe),2014-01-01,3,0ug5NqcwcFR2xrfTkc7k8e,spotify:track:0ug5NqcwcFR2xrfTkc7k8e,0.00245,0.588,0.791,0.00258,0.118,-5.595,0.0402,94.933,0.487,90,231000
315,Out Of The Woods,1989 (Deluxe),2014-01-01,4,0qUnBLZ8bJqUNEeQgayL9t,spotify:track:0qUnBLZ8bJqUNEeQgayL9t,0.000743,0.553,0.841,1.19e-05,0.341,-6.937,0.0396,92.008,0.338,76,235800
316,All You Had To Do Was Stay,1989 (Deluxe),2014-01-01,5,6aLOekfwbytwWvQftxTEF0,spotify:track:6aLOekfwbytwWvQftxTEF0,0.00201,0.605,0.725,2.02e-05,0.101,-5.729,0.0323,96.97,0.539,68,193293
317,Shake It Off,1989 (Deluxe),2014-01-01,6,0cqRj7pUJDkTCEsJkx8snD,spotify:track:0cqRj7pUJDkTCEsJkx8snD,0.0647,0.647,0.8,0.0,0.334,-5.384,0.165,160.078,0.942,85,219200
318,I Wish You Would,1989 (Deluxe),2014-01-01,7,5gRYrtvyVyaCRvLt56OfuV,spotify:track:5gRYrtvyVyaCRvLt56OfuV,0.0158,0.653,0.893,4.95e-05,0.102,-5.966,0.0538,118.035,0.513,72,207440
319,Bad Blood,1989 (Deluxe),2014-01-01,8,2NlmmAjGYrrjAp0MED5rGx,spotify:track:2NlmmAjGYrrjAp0MED5rGx,0.0885,0.646,0.794,6.16e-06,0.201,-6.104,0.19,170.216,0.287,67,211933
320,Wildest Dreams,1989 (Deluxe),2014-01-01,9,4A4A6dwl5DqdqrZaEtKGPR,spotify:track:4A4A6dwl5DqdqrZaEtKGPR,0.0692,0.55,0.688,0.00144,0.106,-7.416,0.0897,139.997,0.465,66,220440
321,How You Get The Girl,1989 (Deluxe),2014-01-01,10,0fM9dEhUFV4MHDuJgrcfOv,spotify:track:0fM9dEhUFV4MHDuJgrcfOv,0.00364,0.765,0.656,0.00868,0.0918,-6.112,0.0504,119.997,0.545,72,247533
322,This Love,1989 (Deluxe),2014-01-01,11,4L560fic5PaTuCFm6CviKa,spotify:track:4L560fic5PaTuCFm6CviKa,0.678,0.481,0.435,0.0,0.0928,-8.795,0.0321,143.95,0.107,65,250093
323,I Know Places,1989 (Deluxe),2014-01-01,12,6EwNJz8CuVsrsLvXprJ20Q,spotify:track:6EwNJz8CuVsrsLvXprJ20Q,0.245,0.602,0.755,0.0,0.178,-4.991,0.071,159.965,0.495,69,195706
324,Clean,1989 (Deluxe),2014-01-01,13,1NmVZsG18CzCAtw7rnV3yA,spotify:track:1NmVZsG18CzCAtw7rnV3yA,0.232,0.815,0.377,0.0,0.1,-7.754,0.0346,103.97,0.211,72,271000
325,Wonderland,1989 (Deluxe),2014-01-01,14,6RvRzl1YJTDnUvdOtV21IK,spotify:track:6RvRzl1YJTDnUvdOtV21IK,0.0493,0.422,0.692,2.57e-05,0.177,-5.447,0.0549,184.014,0.197,73,245560
326,You Are In Love,1989 (Deluxe),2014-01-01,15,2KrOAg6FftbjgSKdd2a4rS,spotify:track:2KrOAg6FftbjgSKdd2a4rS,0.707,0.474,0.48,0.000108,0.0903,-8.894,0.0622,170.109,0.319,72,267106
327,New Romantics,1989 (Deluxe),2014-01-01,16,0qAIiGFKLdV1xpNlEhjpq8,spotify:track:0qAIiGFKLdV1xpNlEhjpq8,0.00463,0.633,0.889,0.000458,0.0658,-5.87,0.0715,121.956,0.584,78,230466
328,I Know Places - Voice Memo,1989 (Deluxe),2014-01-01,17,4FoV729rw7IhoKlMZW5K5V,spotify:track:4FoV729rw7IhoKlMZW5K5V,0.829,0.592,0.128,0.0,0.527,-17.932,0.589,78.828,0.15,0,216333
329,I Wish You Would - Voice Memo,1989 (Deluxe),2014-01-01,18,4eTXfpHxhxVofrBUjAhPMg,spotify:track:4eTXfpHxhxVofrBUjAhPMg,0.717,0.781,0.357,0.0,0.185,-16.394,0.912,118.317,0.645,0,107133
330,Blank Space - Voice Memo,1989 (Deluxe),2014-01-01,19,4e6QU4gpfZj9xxcK856RgG,spotify:track:4e6QU4gpfZj9xxcK856RgG,0.801,0.675,0.234,0.0,0.657,-15.064,0.721,127.296,0.578,0,131186
331,Welcome To New York,1989,2014-01-01,1,10nqz67NQWWa7XPq7ycihi,spotify:track:10nqz67NQWWa7XPq7ycihi,0.038,0.793,0.634,1.76e-06,0.304,-4.807,0.0324,117.023,0.615,71,212600
332,Blank Space,1989,2014-01-01,2,2ls70nUDfjzm1lSRDuKxmw,spotify:track:2ls70nUDfjzm1lSRDuKxmw,0.085,0.752,0.678,1.64e-06,0.13,-5.421,0.0646,96.009,0.583,68,231826
333,Style,1989,2014-01-01,3,71PmZqBXH0RUETqxpwlV0w,spotify:track:71PmZqBXH0RUETqxpwlV0w,0.00256,0.598,0.786,0.00143,0.117,-5.572,0.0382,95.021,0.456,66,231000
334,Out Of The Woods,1989,2014-01-01,4,7EpVQjqtKygiwJIASxMWNg,spotify:track:7EpVQjqtKygiwJIASxMWNg,0.00103,0.552,0.841,1.23e-05,0.337,-6.938,0.0372,91.993,0.342,60,235800
335,All You Had To Do Was Stay,1989,2014-01-01,5,4NNolUeL5m2ju7kf8pdg6H,spotify:track:4NNolUeL5m2ju7kf8pdg6H,0.00196,0.602,0.735,4.77e-05,0.105,-5.778,0.0337,96.969,0.472,69,193293
336,Shake It Off,1989,2014-01-01,6,1kKlhuQE0HXp1IwBRpaH2P,spotify:track:1kKlhuQE0HXp1IwBRpaH2P,0.0561,0.648,0.785,0.0,0.148,-5.414,0.165,160.02,0.943,62,219200
337,I Wish You Would,1989,2014-01-01,7,5RVJ6VKfwtosA5Q1qeHdjF,spotify:track:5RVJ6VKfwtosA5Q1qeHdjF,0.016,0.649,0.898,9.9e-05,0.109,-5.963,0.0511,118.027,0.503,56,207440
338,Bad Blood,1989,2014-01-01,8,0TvQLMecTE8utzoNmvXRbK,spotify:track:0TvQLMecTE8utzoNmvXRbK,0.0871,0.652,0.802,6.45e-06,0.148,-6.114,0.181,170.157,0.295,81,211933
339,Wildest Dreams,1989,2014-01-01,9,3fVnlF4pGqWI9flVENcT28,spotify:track:3fVnlF4pGqWI9flVENcT28,0.0709,0.553,0.664,0.0056,0.106,-7.417,0.0741,140.06,0.467,81,220440
340,How You Get The Girl,1989,2014-01-01,10,5Z9ocF6ng0m2haHnKtHwTp,spotify:track:5Z9ocF6ng0m2haHnKtHwTp,0.00463,0.764,0.659,0.00458,0.0915,-6.136,0.0492,119.982,0.525,57,247533
341,This Love,1989,2014-01-01,11,7lTxQZVXlvIX7Z3szSy8Sh,spotify:track:7lTxQZVXlvIX7Z3szSy8Sh,0.635,0.485,0.459,0.0,0.101,-8.768,0.0337,71.981,0.0858,55,250093
342,I Know Places,1989,2014-01-01,12,6Ck9WerfsyvC4v4AylUoDp,spotify:track:6Ck9WerfsyvC4v4AylUoDp,0.231,0.595,0.763,0.0,0.2,-4.991,0.0661,159.959,0.507,58,195706
343,Clean,1989,2014-01-01,13,2k43eySbfpDVx0PrO99UI8,spotify:track:2k43eySbfpDVx0PrO99UI8,0.242,0.81,0.38,0.0,0.113,-7.755,0.035,103.981,0.211,56,271000
344,State Of Grace,Red (Deluxe Edition),2012-10-22,1,0b16LTzby1YRVd2nq2Z0fw,spotify:track:0b16LTzby1YRVd2nq2Z0fw,0.000197,0.588,0.825,0.00138,0.0884,-5.882,0.0328,129.968,0.397,49,295720
345,Red,Red (Deluxe Edition),2012-10-22,2,7gJtmLyPTwKzhGzMBXtuXH,spotify:track:7gJtmLyPTwKzhGzMBXtuXH,0.0773,0.602,0.896,8.87e-05,0.0911,-4.267,0.0437,124.978,0.641,59,223093
346,Treacherous,Red (Deluxe Edition),2012-10-22,3,7nECwCDHS1JvQbrmuorZIH,spotify:track:7nECwCDHS1JvQbrmuorZIH,0.101,0.704,0.621,4.3e-06,0.14,-8.086,0.0334,109.995,0.395,48,242760
347,I Knew You Were Trouble.,Red (Deluxe Edition),2012-10-22,4,3lKZf71jeNi14udIFPJ29V,spotify:track:3lKZf71jeNi14udIFPJ29V,0.00454,0.622,0.469,2.25e-06,0.0335,-6.798,0.0363,77.019,0.679,63,219720
348,All Too Well,Red (Deluxe Edition),2012-10-22,5,6GNRkaWUB0Lwc19SdkTgx8,spotify:track:6GNRkaWUB0Lwc19SdkTgx8,0.0382,0.602,0.609,0.0002,0.128,-7.803,0.0243,93.06,0.337,64,329160
349,22,Red (Deluxe Edition),2012-10-22,6,3WC5CVAahvn98hiseoIvbw,spotify:track:3WC5CVAahvn98hiseoIvbw,0.00215,0.661,0.729,0.0013,0.0477,-6.561,0.0376,103.987,0.668,63,232120
350,I Almost Do,Red (Deluxe Edition),2012-10-22,7,1eyqSYBCTane4rl4vc6PWJ,spotify:track:1eyqSYBCTane4rl4vc6PWJ,0.0173,0.567,0.481,4.13e-05,0.182,-7.357,0.027,145.865,0.233,49,244560
351,We Are Never Ever Getting Back Together,Red (Deluxe Edition),2012-10-22,8,6kISMRfweKSvgHR0urMQFG,spotify:track:6kISMRfweKSvgHR0urMQFG,0.00957,0.628,0.676,2.65e-05,0.121,-5.911,0.0916,85.984,0.75,63,193146
352,Stay Stay Stay,Red (Deluxe Edition),2012-10-22,9,0F2S1QlnMaOfmNHIgmES3k,spotify:track:0F2S1QlnMaOfmNHIgmES3k,0.307,0.729,0.748,1.29e-06,0.0962,-6.67,0.0245,99.981,0.928,49,205853
353,The Last Time,Red (Deluxe Edition),2012-10-22,10,2Tz4JnXZOcjcp8fWfMjBBk,spotify:track:2Tz4JnXZOcjcp8fWfMjBBk,0.035,0.505,0.443,3.15e-06,0.0906,-7.039,0.0276,94.069,0.123,51,299013
354,Holy Ground,Red (Deluxe Edition),2012-10-22,11,3KmYVOuK2eG7LGP7qQ8DLR,spotify:track:3KmYVOuK2eG7LGP7qQ8DLR,0.0162,0.627,0.816,0.00208,0.0965,-6.698,0.0774,157.043,0.648,47,202960
355,Sad Beautiful Tragic,Red (Deluxe Edition),2012-10-22,12,70e9zuv2pJc7ON1OUAJ1zl,spotify:track:70e9zuv2pJc7ON1OUAJ1zl,0.632,0.624,0.34,0.0337,0.0805,-12.411,0.029,129.987,0.261,46,284866
356,The Lucky One,Red (Deluxe Edition),2012-10-22,13,5VQLMrWhailAhErKNUSnv1,spotify:track:5VQLMrWhailAhErKNUSnv1,0.0371,0.706,0.499,0.0,0.132,-7.675,0.0369,117.937,0.545,46,240266
357,Everything Has Changed,Red (Deluxe Edition),2012-10-22,14,5PjfMmF06QtxTPZBZHdhoZ,spotify:track:5PjfMmF06QtxTPZBZHdhoZ,0.36,0.624,0.458,3.89e-06,0.311,-6.755,0.0287,80.016,0.436,56,245413
358,Starlight,Red (Deluxe Edition),2012-10-22,15,1gL4vMhDV3RgJQmDuY5HK1,spotify:track:1gL4vMhDV3RgJQmDuY5HK1,0.0213,0.649,0.777,0.000335,0.21,-5.804,0.0406,126.018,0.587,47,220600
359,Begin Again,Red (Deluxe Edition),2012-10-22,16,1yG491M3fRfowMdGN5pey4,spotify:track:1yG491M3fRfowMdGN5pey4,0.199,0.53,0.526,3.52e-06,0.14,-8.349,0.0263,79.025,0.323,49,239426
360,The Moment I Knew,Red (Deluxe Edition),2012-10-22,17,4qTAwKJQ68gmnrnfPD3vlO,spotify:track:4qTAwKJQ68gmnrnfPD3vlO,0.187,0.619,0.506,1.47e-05,0.101,-7.327,0.0315,126.03,0.274,44,286613
361,Come Back...Be Here,Red (Deluxe Edition),2012-10-22,18,1n8rB9AhxiAvVP1E2c3yOd,spotify:track:1n8rB9AhxiAvVP1E2c3yOd,0.00471,0.483,0.548,2.01e-06,0.0997,-6.291,0.0254,79.926,0.217,48,223920
362,Girl At Home,Red (Deluxe Edition),2012-10-22,19,6VFpuI0DDmbC5UyWZQ4IRY,spotify:track:6VFpuI0DDmbC5UyWZQ4IRY,0.272,0.733,0.59,0.0,0.134,-5.86,0.0284,125.048,0.633,43,220840
363,Treacherous - Original Demo Recording,Red (Deluxe Edition),2012-10-22,20,7skiELMb9SiQCcBpsExIJf,spotify:track:7skiELMb9SiQCcBpsExIJf,0.175,0.828,0.64,6.14e-05,0.0991,-8.248,0.0355,109.993,0.519,40,240266
364,Red - Original Demo Recording,Red (Deluxe Edition),2012-10-22,21,2OghnlGqZZsFzHjG0CSE9l,spotify:track:2OghnlGqZZsFzHjG0CSE9l,0.113,0.678,0.902,0.000235,0.0705,-4.659,0.0358,124.998,0.637,42,227080
365,State Of Grace - Acoustic,Red (Deluxe Edition),2012-10-22,22,5mfDBWY7ncZFm7ykmFTG4i,spotify:track:5mfDBWY7ncZFm7ykmFTG4i,0.664,0.626,0.118,0.000169,0.127,-15.91,0.0305,105.597,0.0682,43,323080
366,Sparks Fly - Live/2011,Speak Now World Tour Live,2010-10-25,1,1aBJNc2thaKyh5THWzIqHX,spotify:track:1aBJNc2thaKyh5THWzIqHX,0.00917,0.455,0.783,0.0,0.918,-5.184,0.0393,114.981,0.298,48,336826
367,Mine - Live/2011,Speak Now World Tour Live,2010-10-25,2,7yndkPYP6YQQLBpPsizDfh,spotify:track:7yndkPYP6YQQLBpPsizDfh,0.00233,0.496,0.852,0.0,0.554,-4.775,0.0373,120.969,0.442,46,259279
368,The Story Of Us - Live,Speak Now World Tour Live,2010-10-25,3,72GIZuUXo14oyrS0si3Rgc,spotify:track:72GIZuUXo14oyrS0si3Rgc,0.00048,0.419,0.908,0.0,0.815,-5.156,0.0651,139.813,0.472,47,290520
369,Mean - Live/2011,Speak Now World Tour Live,2010-10-25,4,7mFiEij8AXPUZB7aKLbUlQ,spotify:track:7mFiEij8AXPUZB7aKLbUlQ,0.154,0.429,0.915,0.0,0.693,-4.373,0.069,163.752,0.432,46,246373
370,Ours - Live/2011,Speak Now World Tour Live,2010-10-25,5,68QyrSzpnoU04AAhE5z8lj,spotify:track:68QyrSzpnoU04AAhE5z8lj,0.715,0.421,0.355,0.0,0.867,-10.21,0.0298,77.769,0.267,45,245973
371,Back To December/Apologize/You're Not Sorry - Live/2011/Medley,Speak Now World Tour Live,2010-10-25,6,1IsquhJFJ0qcFZI7FeAEuN,spotify:track:1IsquhJFJ0qcFZI7FeAEuN,0.155,0.374,0.516,0.0,0.795,-8.745,0.0294,142.057,0.171,53,362826
372,Better Than Revenge - Live/2011,Speak Now World Tour Live,2010-10-25,7,6505MLhnqTDDg4tjoUz2Wp,spotify:track:6505MLhnqTDDg4tjoUz2Wp,0.00306,0.445,0.887,2.67e-05,0.931,-5.629,0.0768,145.954,0.386,47,344573
373,Speak Now - Live/2011,Speak Now World Tour Live,2010-10-25,8,3QFB14MOUf3imlyISNmrbT,spotify:track:3QFB14MOUf3imlyISNmrbT,0.0636,0.615,0.694,1.28e-06,0.83,-5.251,0.0318,118.876,0.373,46,248146
374,Last Kiss - Live/2011,Speak Now World Tour Live,2010-10-25,9,6hH37tyeRdyan1mAppmVor,spotify:track:6hH37tyeRdyan1mAppmVor,0.205,0.427,0.395,8.73e-06,0.701,-12.551,0.0291,79.517,0.188,46,369066
375,Drops Of Jupiter - Live/2011,Speak Now World Tour Live,2010-10-25,10,0BSmbCIY36iw04azzJ3S0S,spotify:track:0BSmbCIY36iw04azzJ3S0S,0.806,0.374,0.504,0.0,0.76,-8.407,0.0392,109.025,0.27,52,315173
376,Bette Davis Eyes - Live/2011,Speak Now World Tour Live,2010-10-25,11,6KF9xd2hBLuexrmBX4vUWD,spotify:track:6KF9xd2hBLuexrmBX4vUWD,0.713,0.327,0.488,0.0,0.837,-9.287,0.0322,104.46,0.363,48,189146
377,I Want You Back - Live/2011,Speak Now World Tour Live,2010-10-25,12,4KB3zBArZ1rHRExilzycaV,spotify:track:4KB3zBArZ1rHRExilzycaV,0.794,0.536,0.512,0.000122,0.497,-6.794,0.0341,97.397,0.249,48,83253
378,Dear John - Live/2011,Speak Now World Tour Live,2010-10-25,13,4DbI1rr4IQ2bc8nejy9ttd,spotify:track:4DbI1rr4IQ2bc8nejy9ttd,0.0157,0.521,0.386,0.0,0.884,-8.784,0.0301,119.518,0.138,47,404680
379,Enchanted - Live/2011,Speak Now World Tour Live,2010-10-25,14,3lm4L3pPL32PFy74dR17OR,spotify:track:3lm4L3pPL32PFy74dR17OR,0.0747,0.34,0.663,2.34e-06,0.563,-5.597,0.0331,163.678,0.214,48,389213
380,Haunted - Live/2011,Speak Now World Tour Live,2010-10-25,15,6znB7YZhMJT2B83zfbiyLq,spotify:track:6znB7YZhMJT2B83zfbiyLq,0.0245,0.338,0.818,0.0,0.889,-7.495,0.0496,162.157,0.177,47,292426
381,Long Live - Live/2011,Speak Now World Tour Live,2010-10-25,16,5QkzyLUb4ggojNDp8G2OxX,spotify:track:5QkzyLUb4ggojNDp8G2OxX,0.0053,0.544,0.728,0.0,0.865,-5.838,0.0282,101.939,0.204,47,376466
382,Mine - POP Mix,Speak Now,2010-10-25,1,0GxW5K0qzrq7L1jwSY5OmY,spotify:track:0GxW5K0qzrq7L1jwSY5OmY,0.00461,0.696,0.768,1.21e-06,0.101,-3.863,0.0308,121.05,0.692,51,230546
383,Sparks Fly,Speak Now,2010-10-25,2,46NGAvL695VnbcSeTmQWmM,spotify:track:46NGAvL695VnbcSeTmQWmM,0.0387,0.608,0.785,0.0,0.158,-2.976,0.0311,114.985,0.376,61,260946
384,Back To December,Speak Now,2010-10-25,3,5l6GqSxplqnZbLg0LTPQeG,spotify:track:5l6GqSxplqnZbLg0LTPQeG,0.0202,0.517,0.606,0.0,0.324,-5.797,0.0289,141.929,0.296,70,293040
385,Speak Now,Speak Now,2010-10-25,4,7dXKdjpOaH2iwfFKmUj7aq,spotify:track:7dXKdjpOaH2iwfFKmUj7aq,0.101,0.708,0.601,0.0,0.0979,-3.75,0.0306,118.962,0.742,61,240773
386,Dear John,Speak Now,2010-10-25,5,3K2es3gElMRJ3qvmPW442g,spotify:track:3K2es3gElMRJ3qvmPW442g,0.183,0.583,0.468,1.65e-06,0.111,-5.378,0.0278,119.375,0.126,56,403933
387,Mean,Speak Now,2010-10-25,6,0KztjtD3ytzgYjUKIVfBnW,spotify:track:0KztjtD3ytzgYjUKIVfBnW,0.445,0.57,0.747,0.0,0.219,-3.978,0.0426,164.004,0.808,57,237746
388,The Story Of Us,Speak Now,2010-10-25,7,3lXekiVK1ZPZbKconsys73,spotify:track:3lXekiVK1ZPZbKconsys73,0.000315,0.575,0.855,0.00161,0.0419,-4.827,0.0467,139.92,0.84,58,265680
389,Never Grow Up,Speak Now,2010-10-25,8,3JilapcaOXzjR9gtvCY8FO,spotify:track:3JilapcaOXzjR9gtvCY8FO,0.829,0.715,0.308,0.0,0.16,-8.829,0.0305,124.899,0.547,52,290480
390,Enchanted,Speak Now,2010-10-25,9,04S1pkp1VaIqjg8zZqknR5,spotify:track:04S1pkp1VaIqjg8zZqknR5,0.0716,0.535,0.618,0.000388,0.169,-3.913,0.0273,81.975,0.228,78,352200
391,Better Than Revenge,Speak Now,2010-10-25,10,0PWgAyoxsjwGRuFSO0fyya,spotify:track:0PWgAyoxsjwGRuFSO0fyya,0.0167,0.519,0.917,2.06e-05,0.359,-3.185,0.0887,145.882,0.652,64,217173
392,Innocent,Speak Now,2010-10-25,11,0mTgFzkDgSAF3nJY25XCXG,spotify:track:0mTgFzkDgSAF3nJY25XCXG,0.202,0.553,0.604,0.0,0.125,-5.295,0.0258,133.989,0.186,48,302266
393,Haunted,Speak Now,2010-10-25,12,2YjKcFQ1vYFhQPgsmCOjss,spotify:track:2YjKcFQ1vYFhQPgsmCOjss,0.0769,0.434,0.944,0.0,0.151,-2.641,0.0581,162.02,0.361,56,242093
394,Last Kiss,Speak Now,2010-10-25,13,4EUQXLipplO2v9mVaqQtjc,spotify:track:4EUQXLipplO2v9mVaqQtjc,0.581,0.359,0.329,3.75e-05,0.0979,-9.531,0.0293,84.358,0.208,57,367146
395,Long Live,Speak Now,2010-10-25,14,4ewAfHYpDTzpW1GKO44CVP,spotify:track:4ewAfHYpDTzpW1GKO44CVP,0.0426,0.412,0.682,7.47e-05,0.106,-4.319,0.0339,203.959,0.146,57,317960
396,Mine - POP Mix,Speak Now (Deluxe Package),2010-01-01,1,0OAHsZ8vrS2NKom3cvfJQD,spotify:track:0OAHsZ8vrS2NKom3cvfJQD,0.00461,0.696,0.768,1.21e-06,0.101,-3.863,0.0308,121.05,0.692,49,230546
397,Sparks Fly,Speak Now (Deluxe Package),2010-01-01,2,09cM9BjyNFizKUOXh6j9rT,spotify:track:09cM9BjyNFizKUOXh6j9rT,0.0387,0.608,0.785,0.0,0.158,-2.976,0.0311,114.985,0.376,58,260946
398,Back To December,Speak Now (Deluxe Package),2010-01-01,3,0tr6XR58KBdDYd8qvHVTs8,spotify:track:0tr6XR58KBdDYd8qvHVTs8,0.0202,0.517,0.606,0.0,0.324,-5.797,0.0289,141.929,0.296,69,293040
399,Speak Now,Speak Now (Deluxe Package),2010-01-01,4,2PBghI9zJkQEWBzMSMo2Ki,spotify:track:2PBghI9zJkQEWBzMSMo2Ki,0.101,0.708,0.601,0.0,0.0979,-3.75,0.0306,118.962,0.742,62,240773
400,Dear John,Speak Now (Deluxe Package),2010-01-01,5,1GeLxMgpeCnMJntwyW6rLw,spotify:track:1GeLxMgpeCnMJntwyW6rLw,0.183,0.583,0.468,1.65e-06,0.111,-5.378,0.0278,119.375,0.126,55,403887
401,Mean,Speak Now (Deluxe Package),2010-01-01,6,6yM6QsnTCTVOkKEvg3hGlo,spotify:track:6yM6QsnTCTVOkKEvg3hGlo,0.445,0.57,0.747,0.0,0.219,-3.978,0.0426,164.004,0.808,59,237746
402,The Story Of Us,Speak Now (Deluxe Package),2010-01-01,7,7vBlnGdfOLzVEqiOQQxeU8,spotify:track:7vBlnGdfOLzVEqiOQQxeU8,0.000315,0.575,0.855,0.00161,0.0419,-4.827,0.0467,139.92,0.84,49,265636
403,Never Grow Up,Speak Now (Deluxe Package),2010-01-01,8,57w0Uyk2jJAkO2hMJ36xJZ,spotify:track:57w0Uyk2jJAkO2hMJ36xJZ,0.829,0.715,0.308,0.0,0.16,-8.829,0.0305,124.899,0.547,50,290480
404,Enchanted,Speak Now (Deluxe Package),2010-01-01,9,3sqrvkNC6IPTIXvvbx9Arw,spotify:track:3sqrvkNC6IPTIXvvbx9Arw,0.0716,0.535,0.618,0.000388,0.169,-3.913,0.0273,81.975,0.228,78,352200
405,Better Than Revenge,Speak Now (Deluxe Package),2010-01-01,10,55mh9j2aB7xZ1Oh463gK8k,spotify:track:55mh9j2aB7xZ1Oh463gK8k,0.0167,0.519,0.917,2.06e-05,0.359,-3.185,0.0887,145.882,0.652,62,217173
406,Innocent,Speak Now (Deluxe Package),2010-01-01,11,4LraIz87diVQdDK0rhi0S4,spotify:track:4LraIz87diVQdDK0rhi0S4,0.202,0.553,0.604,0.0,0.125,-5.295,0.0258,133.989,0.186,47,302266
407,Haunted,Speak Now (Deluxe Package),2010-01-01,12,72idZxdEHLbi2YI486c3sE,spotify:track:72idZxdEHLbi2YI486c3sE,0.0769,0.434,0.944,0.0,0.151,-2.641,0.0581,162.02,0.361,54,242093
408,Last Kiss,Speak Now (Deluxe Package),2010-01-01,13,1VCJ7vk3Y2DoJIAEOXe3V8,spotify:track:1VCJ7vk3Y2DoJIAEOXe3V8,0.581,0.359,0.329,3.75e-05,0.0979,-9.531,0.0293,84.358,0.208,55,367146
409,Long Live,Speak Now (Deluxe Package),2010-01-01,14,7BFc7ffruhZ4Hecnqf5xju,spotify:track:7BFc7ffruhZ4Hecnqf5xju,0.0426,0.412,0.682,7.47e-05,0.106,-4.319,0.0339,203.959,0.146,53,317960
410,Ours,Speak Now (Deluxe Package),2010-01-01,15,0hK93KD6Y0j9giUGh4Valj,spotify:track:0hK93KD6Y0j9giUGh4Valj,0.505,0.61,0.556,0.0,0.0851,-7.369,0.0285,159.838,0.192,54,238173
411,If This Was A Movie,Speak Now (Deluxe Package),2010-01-01,16,5tSmAABuoOfR59lrtXdDqm,spotify:track:5tSmAABuoOfR59lrtXdDqm,0.154,0.515,0.724,4.05e-06,0.269,-3.498,0.0267,147.788,0.257,53,234546
412,Superman,Speak Now (Deluxe Package),2010-01-01,17,6aJ0ipi4EPmu1aTbFeXZnw,spotify:track:6aJ0ipi4EPmu1aTbFeXZnw,0.0187,0.582,0.817,1.94e-06,0.101,-3.718,0.0337,131.983,0.547,47,276266
413,Back To December - Acoustic,Speak Now (Deluxe Package),2010-01-01,18,7k7BOXE4u6luKTwcLEAyrd,spotify:track:7k7BOXE4u6luKTwcLEAyrd,0.731,0.541,0.451,0.0,0.197,-6.522,0.027,141.713,0.333,56,292533
414,Haunted - Acoustic Version,Speak Now (Deluxe Package),2010-01-01,19,6SdBf0ZsJZoKaH5zcDaz9X,spotify:track:6SdBf0ZsJZoKaH5zcDaz9X,0.841,0.574,0.462,0.0,0.28,-5.124,0.0252,80.858,0.314,49,217626
415,Mine,Speak Now (Deluxe Package),2010-01-01,20,67Io3gxHwfbUreBf114c0u,spotify:track:67Io3gxHwfbUreBf114c0u,0.00327,0.621,0.78,4.55e-06,0.184,-2.934,0.0297,121.038,0.672,64,230773
416,Back To December,Speak Now (Deluxe Package),2010-01-01,21,5aNkiOMxQXkpoEY5bTYoCh,spotify:track:5aNkiOMxQXkpoEY5bTYoCh,0.113,0.525,0.676,0.0,0.294,-4.684,0.0294,141.95,0.281,43,293040
417,The Story Of Us,Speak Now (Deluxe Package),2010-01-01,22,2jt90bYlYDg1lXYWES34LJ,spotify:track:2jt90bYlYDg1lXYWES34LJ,0.00487,0.546,0.809,0.000372,0.0437,-3.621,0.041,139.91,0.649,62,266480
418,Jump Then Fall,Fearless (Platinum Edition),2008-11-11,1,6WWvcA62QlnRguluWAk6bv,spotify:track:6WWvcA62QlnRguluWAk6bv,0.111,0.618,0.687,0.0,0.0693,-5.737,0.0271,79.991,0.82,46,237066
419,Untouchable,Fearless (Platinum Edition),2008-11-11,2,6ovFJkdau79DuXEvQjPaNH,spotify:track:6ovFJkdau79DuXEvQjPaNH,0.0583,0.419,0.454,3.78e-06,0.0974,-6.809,0.0335,200.017,0.288,48,311040
420,Forever & Always - Piano Version,Fearless (Platinum Edition),2008-11-11,3,13MAWVUSkbGMUi6I7RowRK,spotify:track:13MAWVUSkbGMUi6I7RowRK,0.852,0.592,0.16,0.0,0.116,-10.785,0.0347,118.929,0.294,46,267506
421,Come In With The Rain,Fearless (Platinum Edition),2008-11-11,4,0cEG04R5cldkTLzK6phlcn,spotify:track:0cEG04R5cldkTLzK6phlcn,0.0961,0.527,0.461,2.47e-06,0.24,-6.172,0.0256,143.94,0.23,44,238093
422,SuperStar,Fearless (Platinum Edition),2008-11-11,5,0XfTh16YcKPzdxMPTeKTAq,spotify:track:0XfTh16YcKPzdxMPTeKTAq,0.367,0.61,0.531,0.0,0.351,-6.123,0.0239,85.979,0.228,43,261453
423,The Other Side Of The Door,Fearless (Platinum Edition),2008-11-11,6,1yDJcXc549N6AabNBzFAku,spotify:track:1yDJcXc549N6AabNBzFAku,0.169,0.476,0.816,0.0,0.238,-4.279,0.0347,163.847,0.469,44,237600
424,Fearless,Fearless (Platinum Edition),2008-11-11,7,2okho7vU7Nsq1UZD0kgIMi,spotify:track:2okho7vU7Nsq1UZD0kgIMi,0.0364,0.598,0.714,1.04e-06,0.31,-4.397,0.0273,99.979,0.467,56,242000
425,Fifteen,Fearless (Platinum Edition),2008-11-11,8,5Ora3Ish2A1JN5veGYTxhw,spotify:track:5Ora3Ish2A1JN5veGYTxhw,0.0728,0.559,0.636,0.0,0.144,-4.4,0.0263,95.485,0.214,45,294346
426,Love Story,Fearless (Platinum Edition),2008-11-11,9,5hnJCRSo4pxRsaEwT9YusG,spotify:track:5hnJCRSo4pxRsaEwT9YusG,0.157,0.618,0.736,0.0,0.073,-3.937,0.0308,118.982,0.307,61,235280
427,Hey Stephen,Fearless (Platinum Edition),2008-11-11,10,3CI1f4yLwdHzcUnH7o0Xyh,spotify:track:3CI1f4yLwdHzcUnH7o0Xyh,0.168,0.843,0.553,2.66e-06,0.107,-7.348,0.0317,115.997,0.825,48,254320
428,White Horse,Fearless (Platinum Edition),2008-11-11,11,5yKB8qcTSflDercM2PXwot,spotify:track:5yKB8qcTSflDercM2PXwot,0.302,0.585,0.346,0.0,0.102,-8.014,0.0256,92.564,0.195,44,234440
429,You Belong With Me,Fearless (Platinum Edition),2008-11-11,12,4kgTdThcDHfuDS2kKxB7Lc,spotify:track:4kgTdThcDHfuDS2kKxB7Lc,0.164,0.687,0.771,2.46e-05,0.112,-4.424,0.0384,129.964,0.445,61,231146
430,Breathe,Fearless (Platinum Edition),2008-11-11,13,23qIWGhpwvDgC23TyZOUck,spotify:track:23qIWGhpwvDgC23TyZOUck,0.373,0.498,0.486,0.0,0.113,-7.384,0.0273,147.952,0.17,43,263986
431,Tell Me Why,Fearless (Platinum Edition),2008-11-11,14,4x7Gxk2GfwZJcqpoVT1PbR,spotify:track:4x7Gxk2GfwZJcqpoVT1PbR,0.0606,0.601,0.852,3.41e-06,0.37,-3.096,0.0386,100.015,0.513,46,200560
432,You're Not Sorry,Fearless (Platinum Edition),2008-11-11,15,3JhvYnOfKLJuWC7jEU0GmJ,spotify:track:3JhvYnOfKLJuWC7jEU0GmJ,0.13,0.459,0.459,2.3e-06,0.113,-4.126,0.0275,134.018,0.281,48,261800
433,The Way I Loved You,Fearless (Platinum Edition),2008-11-11,16,4pEZUytwBzha5Un6m3SCFf,spotify:track:4pEZUytwBzha5Un6m3SCFf,0.0322,0.436,0.712,0.0,0.111,-3.689,0.0329,160.886,0.379,55,244240
434,Forever & Always,Fearless (Platinum Edition),2008-11-11,17,3NKCWBT2uKp8rxSkcvIrdX,spotify:track:3NKCWBT2uKp8rxSkcvIrdX,0.0907,0.605,0.829,0.0,0.106,-4.993,0.0549,128.012,0.514,49,225333
435,The Best Day,Fearless (Platinum Edition),2008-11-11,18,7CjuAoOiSrwWv7wJonAUmw,spotify:track:7CjuAoOiSrwWv7wJonAUmw,0.611,0.664,0.447,1e-06,0.139,-8.535,0.0292,126.079,0.364,43,245346
436,Change,Fearless (Platinum Edition),2008-11-11,19,3gFaNwyiafgUoQhR0pHYA9,spotify:track:3gFaNwyiafgUoQhR0pHYA9,0.00471,0.548,0.756,0.0,0.117,-4.175,0.036,96.038,0.224,45,281053
437,Fearless,Fearless (International Version),2008-11-11,1,6zV8AVM9eVfdG7Qahwd64R,spotify:track:6zV8AVM9eVfdG7Qahwd64R,0.0449,0.593,0.705,0.0,0.309,-4.43,0.0269,100.11,0.472,40,242373
438,Fifteen,Fearless (International Version),2008-11-11,2,4yf9OivCH2lmQWN8mzpCC6,spotify:track:4yf9OivCH2lmQWN8mzpCC6,0.072,0.555,0.648,0.0,0.143,-4.419,0.027,95.431,0.207,37,294306
439,Love Story,Fearless (International Version),2008-11-11,3,5xPsybHWRHbTYO44xnREY5,spotify:track:5xPsybHWRHbTYO44xnREY5,0.0186,0.62,0.639,0.00011,0.206,-5.398,0.0285,119.055,0.34,49,233933
440,Hey Stephen,Fearless (International Version),2008-11-11,4,4fWDgRZa0GKE5KZNhE9MQa,spotify:track:4fWDgRZa0GKE5KZNhE9MQa,0.174,0.843,0.543,3.87e-06,0.0968,-7.364,0.0317,116.0,0.826,35,254680
441,White Horse,Fearless (International Version),2008-11-11,5,1yFjBRQVhRdcdnrTE5LuyD,spotify:track:1yFjBRQVhRdcdnrTE5LuyD,0.298,0.587,0.342,0.0,0.106,-8.034,0.0257,92.71,0.212,37,233560
442,You Belong With Me,Fearless (International Version),2008-11-11,6,7G6TDmGJXDoBaV6NGj3Yic,spotify:track:7G6TDmGJXDoBaV6NGj3Yic,0.151,0.688,0.775,1.98e-05,0.104,-4.436,0.0381,129.969,0.469,50,230506
443,Breathe,Fearless (International Version),2008-11-11,7,0qsSmObOgBZfuMIwfAQDBP,spotify:track:0qsSmObOgBZfuMIwfAQDBP,0.389,0.488,0.472,0.0,0.125,-7.39,0.0275,147.926,0.163,35,263720
444,Tell Me Why,Fearless (International Version),2008-11-11,8,6vLpy7UPYuOa75Bkqocrcw,spotify:track:6vLpy7UPYuOa75Bkqocrcw,0.0611,0.606,0.848,1.99e-06,0.374,-3.058,0.0374,99.999,0.476,32,200213
445,You're Not Sorry,Fearless (International Version),2008-11-11,9,4N419mmxYybTfAECy5j4dw,spotify:track:4N419mmxYybTfAECy5j4dw,0.145,0.471,0.458,2.39e-06,0.108,-4.137,0.027,133.96,0.309,33,261800
446,The Way I Loved You,Fearless (International Version),2008-11-11,10,04LDcz3RX1P5sIlzQGqgUN,spotify:track:04LDcz3RX1P5sIlzQGqgUN,0.0315,0.434,0.723,0.0,0.125,-3.748,0.0335,160.872,0.412,37,244626
447,Forever & Always,Fearless (International Version),2008-11-11,11,3yuOL0jFnVR8tizZzNNo0F,spotify:track:3yuOL0jFnVR8tizZzNNo0F,0.0788,0.604,0.816,0.0,0.164,-5.002,0.0537,128.0,0.55,34,225000
448,The Best Day,Fearless (International Version),2008-11-11,12,7G9D32Kx7hdQ9Uga1V4VXm,spotify:track:7G9D32Kx7hdQ9Uga1V4VXm,0.648,0.671,0.44,3.04e-06,0.141,-8.561,0.0287,126.059,0.368,31,245266
449,Change,Fearless (International Version),2008-11-11,13,493jXNrYmXPCMbSJvVRYLk,spotify:track:493jXNrYmXPCMbSJvVRYLk,0.00465,0.545,0.747,0.0,0.115,-4.231,0.037,96.017,0.214,30,278546
450,Our Song - International Mix,Fearless (International Version),2008-11-11,14,5Ct2PYPUSogyWvbV40k9Bf,spotify:track:5Ct2PYPUSogyWvbV40k9Bf,0.00739,0.516,0.696,1.11e-06,0.354,-4.833,0.0301,177.936,0.664,36,199933
451,Teardrops On My Guitar - International Mix,Fearless (International Version),2008-11-11,15,2RM02ladxD5mgdrlAwh3h9,spotify:track:2RM02ladxD5mgdrlAwh3h9,0.0178,0.514,0.557,0.00755,0.114,-6.307,0.0264,99.974,0.152,40,193640
452,Should've Said No - International Mix,Fearless (International Version),2008-11-11,16,2gwvtlwlKhvkfjz7Fcb6Yk,spotify:track:2gwvtlwlKhvkfjz7Fcb6Yk,0.00505,0.398,0.761,0.000437,0.234,-4.382,0.0377,168.092,0.454,34,245826
453,Love Story - Live From Clear Channel Stripped 2008,Live From Clear Channel Stripped 2008,2008-06-28,1,4RBKAqJ3qyvvriDG0s9IJ3,spotify:track:4RBKAqJ3qyvvriDG0s9IJ3,0.659,0.741,0.444,0.0,0.131,-7.031,0.0311,119.006,0.512,41,221028
454,Fearless - Live From Clear Channel Stripped 2008,Live From Clear Channel Stripped 2008,2008-06-28,2,5g7RMU3cV7zXWH244BLe7G,spotify:track:5g7RMU3cV7zXWH244BLe7G,0.814,0.623,0.266,0.0,0.145,-5.894,0.026,96.601,0.467,40,198247
455,Beautiful Eyes - Live From Clear Channel Stripped 2008,Live From Clear Channel Stripped 2008,2008-06-28,3,4aBW31cmkA7BLColUsMEeZ,spotify:track:4aBW31cmkA7BLColUsMEeZ,0.596,0.627,0.704,0.0,0.0598,-3.739,0.0269,98.958,0.457,45,176316
456,Untouchable - Live From Clear Channel Stripped 2008,Live From Clear Channel Stripped 2008,2008-06-28,4,4MbHDiHQjhmoVAV75G04Ql,spotify:track:4MbHDiHQjhmoVAV75G04Ql,0.856,0.731,0.184,0.0,0.0927,-9.235,0.0418,102.404,0.331,36,222959
457,Teardrops On My Guitar - Live From Clear Channel Stripped 2008,Live From Clear Channel Stripped 2008,2008-06-28,5,4DjevQhsPWULcondN4mRh5,spotify:track:4DjevQhsPWULcondN4mRh5,0.664,0.344,0.801,0.0,0.106,-5.373,0.0574,204.489,0.615,36,196346
458,Picture To Burn - Live From Clear Channel Stripped 2008,Live From Clear Channel Stripped 2008,2008-06-28,6,7EvU9pRoJ9Xs7anx0P7tEc,spotify:track:7EvU9pRoJ9Xs7anx0P7tEc,0.266,0.647,0.872,0.0,0.419,-1.953,0.0524,105.798,0.684,36,173899
459,Should've Said No - Live From Clear Channel Stripped 2008,Live From Clear Channel Stripped 2008,2008-06-28,7,5a9hUL6ZuiagZhazwrtwHF,spotify:track:5a9hUL6ZuiagZhazwrtwHF,0.399,0.429,0.808,0.0,0.0884,-3.004,0.0677,171.537,0.438,36,228473
460,Change - Live From Clear Channel Stripped 2008,Live From Clear Channel Stripped 2008,2008-06-28,8,69o9kr9UexjzeZDE8yD8dQ,spotify:track:69o9kr9UexjzeZDE8yD8dQ,0.156,0.243,0.712,0.0,0.111,-4.307,0.0577,202.319,0.273,33,258487
461,Tim McGraw,Taylor Swift,2006-10-24,1,2Fn01AIMyHbha2ceNQeOqw,spotify:track:2Fn01AIMyHbha2ceNQeOqw,0.575,0.58,0.491,0.0,0.121,-6.462,0.0251,76.009,0.425,59,232106
462,Picture To Burn,Taylor Swift,2006-10-24,2,4BYejINgfZF0qKDMEH2cim,spotify:track:4BYejINgfZF0qKDMEH2cim,0.173,0.658,0.877,0.0,0.0962,-2.098,0.0323,105.586,0.821,66,173066
463,Teardrops On My Guitar - Radio Single Remix,Taylor Swift,2006-10-24,3,2TF4UtYreqNbQ6Z9AccldU,spotify:track:2TF4UtYreqNbQ6Z9AccldU,0.288,0.621,0.417,0.0,0.119,-6.941,0.0231,99.953,0.289,64,203040
464,A Place in this World,Taylor Swift,2006-10-24,4,1oR4MUBpyNrAViC8wPNpfm,spotify:track:1oR4MUBpyNrAViC8wPNpfm,0.051,0.576,0.777,0.0,0.32,-2.881,0.0324,115.028,0.428,59,199200
465,Cold As You,Taylor Swift,2006-10-24,5,569sXXQ7t0jSdqHooi2yqs,spotify:track:569sXXQ7t0jSdqHooi2yqs,0.217,0.418,0.482,0.0,0.123,-5.769,0.0266,175.558,0.261,59,239013
466,The Outside,Taylor Swift,2006-10-24,6,5Tj2MqcFMf60CaGsKbM1aq,spotify:track:5Tj2MqcFMf60CaGsKbM1aq,0.00491,0.589,0.805,0.0,0.24,-4.055,0.0293,112.982,0.591,57,207106
467,Tied Together with a Smile,Taylor Swift,2006-10-24,7,2zzxwmoOBnXDT0KnJsoIWk,spotify:track:2zzxwmoOBnXDT0KnJsoIWk,0.525,0.479,0.578,0.0,0.0841,-4.963,0.0294,146.165,0.192,57,248106
468,Stay Beautiful,Taylor Swift,2006-10-24,8,41sjzdjScVwnxnxADElts6,spotify:track:41sjzdjScVwnxnxADElts6,0.0868,0.594,0.629,0.0,0.137,-4.919,0.0246,131.597,0.504,56,236053
469,Should've Said No,Taylor Swift,2006-10-24,9,6CdaXOq1MWe2JHDalTG01d,spotify:track:6CdaXOq1MWe2JHDalTG01d,0.0103,0.476,0.777,0.0,0.196,-3.771,0.0289,167.964,0.472,64,242200
470,Mary's Song (Oh My My My),Taylor Swift,2006-10-24,10,2O8sogKJCfVZ4rotBv1vVF,spotify:track:2O8sogKJCfVZ4rotBv1vVF,0.0177,0.403,0.627,0.0,0.182,-5.28,0.0292,74.9,0.374,59,213080
471,Our Song,Taylor Swift,2006-10-24,11,1j6gmK6u4WNI33lMZ8dC1s,spotify:track:1j6gmK6u4WNI33lMZ8dC1s,0.111,0.668,0.672,0.0,0.329,-4.931,0.0303,89.011,0.539,69,201106
472,I'm Only Me When I'm With You,Taylor Swift,2006-10-24,12,7CzxXgQXurKZCyHz9ufbo1,spotify:track:7CzxXgQXurKZCyHz9ufbo1,0.00452,0.563,0.934,0.000807,0.103,-3.629,0.0646,143.964,0.518,59,213053
473,Invisible,Taylor Swift,2006-10-24,13,1k3PzDNjg38cWqOvL4M9vq,spotify:track:1k3PzDNjg38cWqOvL4M9vq,0.637,0.612,0.394,0.0,0.147,-5.723,0.0243,96.001,0.233,57,203226
474,A Perfectly Good Heart,Taylor Swift,2006-10-24,14,0YgHuReCSPwTXYny7isLja,spotify:track:0YgHuReCSPwTXYny7isLja,0.00349,0.483,0.751,0.0,0.128,-5.726,0.0365,156.092,0.268,56,220146
475,Teardrops on My Guitar - Pop Version,Taylor Swift,2006-10-24,15,1hxLyjC9D9Jpw6EAPKqWv4,spotify:track:1hxLyjC9D9Jpw6EAPKqWv4,0.0402,0.459,0.753,0.0,0.0863,-3.827,0.0537,199.997,0.483,56,179066
